0279fc,192.168.23.1,GET,http://192.168.23.10/lyra/web/app_dev.php/api/resources/jrv/,1586535869,,200
f25d13,192.168.23.1,GET,http://192.168.23.10/lyra/web/app_dev.php/api/resources/jrv/,1586535872,,200
8cb702,192.168.23.1,GET,http://192.168.23.10/lyra/web/app_dev.php/api/resources/jrv/,1586535897,,200
40e944,192.168.23.1,GET,http://192.168.23.10/lyra/web/app_dev.php/api/resources/voting-centers/,1586535920,,200
bf96c2,192.168.23.1,GET,http://192.168.23.10/lyra/web/app_dev.php/api/resources/voting-centers/,1586535923,,200
14a8db,192.168.23.1,GET,http://192.168.23.10/lyra/web/app_dev.php/api/resources/jrv/,1586535925,,200
1c4ac4,192.168.23.1,GET,http://192.168.23.10/lyra/web/app_dev.php/api/resources/voting-centers/,1586535926,,200
5edd67,192.168.23.1,GET,http://192.168.23.10/lyra/web/app_dev.php/,1586535951,,302
debbf2,192.168.23.1,GET,http://192.168.23.10/lyra/web/app_dev.php/login,1586535951,,200
2e3300,192.168.23.1,GET,http://192.168.23.10/lyra/web/app_dev.php/login,1586535989,,200
caee91,192.168.23.1,GET,http://192.168.23.10/lyra/web/app_dev.php/login,1586536009,,200
ce52de,192.168.23.1,POST,http://192.168.23.10/lyra/web/app_dev.php/login_check,1586536020,,302
9f408d,192.168.23.1,GET,http://192.168.23.10/lyra/web/app_dev.php/,1586536020,,200
a30ffa,192.168.23.1,GET,http://192.168.23.10/lyra/web/app_dev.php/favicon.ico,1586536021,b1bd08,200
b1bd08,192.168.23.1,GET,http://192.168.23.10/lyra/web/app_dev.php/favicon.ico,1586536021,,404
96cc1f,192.168.23.1,GET,http://192.168.23.10/lyra/web/app_dev.php/logout,1586536023,,302
210a4e,192.168.23.1,GET,http://192.168.23.10/lyra/web/app_dev.php/,1586536023,,302
f04a57,192.168.23.1,GET,http://192.168.23.10/lyra/web/app_dev.php/login,1586536023,,200
456f40,192.168.23.1,GET,http://192.168.23.10/lyra/web/app_dev.php/api/resources/jrv/,1586536026,,200
00cef1,192.168.23.1,GET,http://192.168.23.10/lyra/web/app_dev.php/api/resources/jrv/,1586536027,,200
340689,192.168.23.1,GET,http://192.168.23.10/lyra/web/app_dev.php/api/resources/jrv/,1586536027,,200
d66750,192.168.23.1,GET,http://192.168.23.10/lyra/web/app_dev.php/api/resources/jrv/,1586536027,,200
22b1d2,192.168.23.1,GET,http://192.168.23.10/lyra/web/app_dev.php/api/resources/jrv/,1586536027,,200
cf337c,192.168.23.1,POST,http://192.168.23.10/lyra/web/app_dev.php/login_check,1586536036,,302
6775d8,192.168.23.1,GET,http://192.168.23.10/lyra/web/app_dev.php/,1586536036,,200
cbb0f0,192.168.23.1,GET,http://192.168.23.10/lyra/web/app_dev.php/agregar-acta-presidencial/,1586536037,,200
8a09bb,192.168.23.1,GET,http://192.168.23.10/lyra/web/app_dev.php/obtener-jrv-sector-electoral/?sectorid=2,1586536040,,200
9eab3d,192.168.23.1,GET,http://192.168.23.10/lyra/web/app_dev.php/obtener-jrv-sector-electoral/?sectorid=4,1586536044,,200
301677,192.168.23.1,GET,http://192.168.23.10/lyra/web/app_dev.php/api/resources/jrv/,1586536112,,200
0b596e,192.168.23.1,GET,http://192.168.23.10/lyra/web/app_dev.php/logout,1586536114,,302
cb477e,192.168.23.1,GET,http://192.168.23.10/lyra/web/app_dev.php/,1586536114,,302
b9f5c3,192.168.23.1,GET,http://192.168.23.10/lyra/web/app_dev.php/login,1586536114,,200
42ef88,192.168.23.1,GET,http://192.168.23.10/lyra/web/app_dev.php/api/resources/jrv/,1586536116,,200
407975,192.168.23.1,GET,http://192.168.23.10/lyra/web/app_dev.php/api/resources/jrv/,1586536160,,200
da7f7e,192.168.23.1,GET,http://192.168.23.10/lyra/web/app_dev.php/api/resources/jrv/,1586536181,,200
f69640,192.168.23.1,GET,http://192.168.23.10/lyra/web/app_dev.php/api/resources/voting-centers/,1586536199,,200
40e377,192.168.23.1,GET,http://192.168.23.10/lyra/web/app_dev.php/api/resources/voting-centers/,1586537682,,200
54e776,192.168.23.1,GET,http://192.168.23.10/lyra/web/app_dev.php/api/resources/voting-centers/,1586537739,,200
89336f,192.168.23.1,GET,http://192.168.23.10/lyra/web/app_dev.php/api/resources/voting-centers/,1586537745,,200
2e13f5,192.168.23.1,GET,http://192.168.23.10/lyra/web/app_dev.php/api/resources/voting-centers/,1586538057,,200
4c6e8e,192.168.23.1,GET,http://192.168.23.10/lyra/web/app_dev.php/api/resources/voting-centers/,1586538064,,200
394880,192.168.23.1,GET,http://192.168.23.10/lyra/web/app_dev.php/api/resources/voting-centers/,1586538814,,200
e4db1f,192.168.23.1,GET,http://192.168.23.10/lyra/web/app_dev.php/api/resources/voting-centers/,1586538833,,200
547325,192.168.23.1,GET,http://192.168.23.10/lyra/web/app_dev.php/api/resources/voting-centers/,1586538847,,200
de2b5d,192.168.23.1,GET,http://192.168.23.10/lyra/web/app_dev.php/api/resources/voting-centers/,1586539101,,200
378bb6,192.168.23.1,GET,http://192.168.23.10/lyra/web/app_dev.php/api/resources/voting-centers/,1586539158,,200
78e37b,192.168.23.1,GET,http://192.168.23.10/lyra/web/app_dev.php/api/resources/voting-centers/,1586539476,,200
56885e,192.168.23.1,GET,http://192.168.23.10/lyra/web/app_dev.php/api/resources/voting-centers/,1586539499,,200
531cd5,192.168.23.1,GET,http://192.168.23.10/lyra/web/app_dev.php/api/resources/voting-centers/,1586539502,,200
b5733e,192.168.23.1,GET,http://192.168.23.10/lyra/web/app_dev.php/api/resources/voting-centers/,1586539991,,200
8ca022,192.168.23.1,GET,http://192.168.23.10/lyra/web/app_dev.php/api/resources/jrv/,1586539991,,200
8f8b96,192.168.23.1,GET,http://192.168.23.10/lyra/web/app_dev.php/api/resources/jrv/,1586540066,,200
b43400,192.168.23.1,GET,http://192.168.23.10/lyra/web/app_dev.php/api/resources/jrv/,1586540138,,200
36f9ab,192.168.23.1,GET,http://192.168.23.10/lyra/web/app_dev.php/api/resources/jrv/,1586540157,,200
7113ea,192.168.23.1,GET,http://192.168.23.10/lyra/web/app_dev.php/,1586540575,,302
a7cf0d,192.168.23.1,GET,http://192.168.23.10/lyra/web/app_dev.php/login,1586540575,,200
bad2b3,192.168.23.1,POST,http://192.168.23.10/lyra/web/app_dev.php/login_check,1586540582,,302
662321,192.168.23.1,GET,http://192.168.23.10/lyra/web/app_dev.php/,1586540582,,200
d536bb,192.168.23.1,GET,http://192.168.23.10/lyra/web/app_dev.php/logout,1586540587,,302
382f78,192.168.23.1,GET,http://192.168.23.10/lyra/web/app_dev.php/,1586540588,,302
8ef774,192.168.23.1,GET,http://192.168.23.10/lyra/web/app_dev.php/login,1586540588,,200
8ef2fe,192.168.23.1,GET,http://192.168.23.10/lyra/web/app_dev.php/api/resources/voting-centers/,1586540764,,200
8e7f54,192.168.23.1,GET,http://192.168.23.10/lyra/web/app_dev.php/api/resources/jrv/,1586540764,,200
9299b3,192.168.23.1,GET,http://192.168.23.10/lyra/web/app_dev.php/api/resources/voting-centers/,1586540796,,200
131950,192.168.23.1,GET,http://192.168.23.10/lyra/web/app_dev.php/api/resources/jrv/,1586540796,,200
81f179,192.168.23.1,GET,http://192.168.23.10/lyra/web/app_dev.php/api/resources/voting-centers/,1586540818,,200
b9e46f,192.168.23.1,GET,http://192.168.23.10/lyra/web/app_dev.php/api/resources/jrv/,1586540818,,200
1f9975,192.168.23.1,GET,http://192.168.23.10/lyra/web/app_dev.php/api/resources/voting-centers/,1586540871,,200
2b8b3a,192.168.23.1,GET,http://192.168.23.10/lyra/web/app_dev.php/api/resources/jrv/,1586540871,,200
4e0dc1,192.168.23.1,GET,http://192.168.23.10/lyra/web/app_dev.php/api/resources/voting-centers/,1586540878,,200
e609f2,192.168.23.1,GET,http://192.168.23.10/lyra/web/app_dev.php/api/resources/jrv/,1586540878,,200
adc6f0,192.168.23.1,GET,http://192.168.23.10/lyra/web/app_dev.php/api/resources/voting-centers/,1586540884,,200
871b01,192.168.23.1,GET,http://192.168.23.10/lyra/web/app_dev.php/api/resources/jrv/,1586540884,,200
4d8d2e,192.168.23.1,GET,http://192.168.23.10/lyra/web/app_dev.php/api/resources/voting-centers/,1586540902,,200
f19ae2,192.168.23.1,GET,http://192.168.23.10/lyra/web/app_dev.php/api/resources/jrv/,1586540902,,200
777cb2,192.168.23.1,GET,http://192.168.23.10/lyra/web/app_dev.php/api/resources/voting-centers/,1586540919,,200
122e34,192.168.23.1,GET,http://192.168.23.10/lyra/web/app_dev.php/api/resources/jrv/,1586540919,,200
4fbc5e,192.168.23.1,GET,http://192.168.23.10/lyra/web/app_dev.php/api/resources/voting-centers/,1586540924,,200
e63531,192.168.23.1,GET,http://192.168.23.10/lyra/web/app_dev.php/api/resources/jrv/,1586540924,,200
9c0ada,192.168.23.1,GET,http://192.168.23.10/lyra/web/app_dev.php/api/resources/voting-centers/,1586540974,,200
481227,192.168.23.1,GET,http://192.168.23.10/lyra/web/app_dev.php/api/resources/jrv/,1586540974,,200
b99d3f,192.168.23.1,GET,http://192.168.23.10/lyra/web/app_dev.php/api/resources/voting-centers/,1586540988,,200
2e7aea,192.168.23.1,GET,http://192.168.23.10/lyra/web/app_dev.php/api/resources/jrv/,1586540988,,200
73743a,192.168.23.1,GET,http://192.168.23.10/lyra/web/app_dev.php/api/resources/voting-centers/,1586540991,,200
bcdf38,192.168.23.1,GET,http://192.168.23.10/lyra/web/app_dev.php/api/resources/jrv/,1586540991,,200
20fdf1,192.168.23.1,GET,http://192.168.23.10/lyra/web/app_dev.php/api/resources/voting-centers/,1586540994,,200
376fba,192.168.23.1,GET,http://192.168.23.10/lyra/web/app_dev.php/api/resources/jrv/,1586540994,,200
8d6d00,192.168.23.1,GET,http://192.168.23.10/lyra/web/app_dev.php/api/resources/voting-centers/,1586541046,,200
1ae433,192.168.23.1,GET,http://192.168.23.10/lyra/web/app_dev.php/api/resources/jrv/,1586541046,,200
b509d4,192.168.23.1,GET,http://192.168.23.10/lyra/web/app_dev.php/api/resources/voting-centers/,1586541050,,200
f50bb8,192.168.23.1,GET,http://192.168.23.10/lyra/web/app_dev.php/api/resources/jrv/,1586541051,,200
d1c0ed,192.168.23.1,GET,http://192.168.23.10/lyra/web/app_dev.php/api/resources/voting-centers/,1586541494,,200
ff6ca8,192.168.23.1,GET,http://192.168.23.10/lyra/web/app_dev.php/api/resources/jrv/,1586541495,,200
844bdd,192.168.23.1,GET,http://192.168.23.10/lyra/web/app_dev.php/api/resources/voting-centers/,1586541527,,200
566c34,192.168.23.1,GET,http://192.168.23.10/lyra/web/app_dev.php/api/resources/jrv/,1586541527,,200
e5a342,192.168.23.1,GET,http://192.168.23.10/lyra/web/app_dev.php/api/resources/voting-centers/,1586541602,,200
6e43e3,192.168.23.1,GET,http://192.168.23.10/lyra/web/app_dev.php/api/resources/jrv/,1586541602,,200
2458b6,192.168.23.1,GET,http://192.168.23.10/lyra/web/app_dev.php/api/resources/voting-centers/,1586541669,,200
53603d,192.168.23.1,GET,http://192.168.23.10/lyra/web/app_dev.php/api/resources/jrv/,1586541670,,200
fa294a,192.168.23.1,GET,http://192.168.23.10/lyra/web/app_dev.php/api/resources/voting-centers/,1586541784,,200
0f0cb5,192.168.23.1,GET,http://192.168.23.10/lyra/web/app_dev.php/api/resources/jrv/,1586541785,,200
db8476,192.168.23.1,GET,http://192.168.23.10/lyra/web/app_dev.php/api/resources/voting-centers/,1586541839,,200
423e08,192.168.23.1,GET,http://192.168.23.10/lyra/web/app_dev.php/api/resources/jrv/,1586541839,,200
9835e4,192.168.23.1,GET,http://192.168.23.10/lyra/web/app_dev.php/api/resources/voting-centers/,1586542045,,200
cc9b5f,192.168.23.1,GET,http://192.168.23.10/lyra/web/app_dev.php/api/resources/jrv/,1586542045,,200
94a9b2,192.168.23.1,GET,http://192.168.23.10/lyra/web/app_dev.php/api/resources/voting-centers/,1586542067,,200
feff80,192.168.23.1,GET,http://192.168.23.10/lyra/web/app_dev.php/api/resources/jrv/,1586542067,,200
84d4da,192.168.23.1,GET,http://192.168.23.10/lyra/web/app_dev.php/api/resources/voting-centers/,1586542099,,200
eeadad,192.168.23.1,GET,http://192.168.23.10/lyra/web/app_dev.php/api/resources/jrv/,1586542099,,200
61d9e5,192.168.23.1,GET,http://192.168.23.10/lyra/web/app_dev.php/api/resources/voting-centers/,1586542300,,200
e319c8,192.168.23.1,GET,http://192.168.23.10/lyra/web/app_dev.php/api/resources/jrv/,1586542300,,200
72f0ab,192.168.23.1,GET,http://192.168.23.10/lyra/web/app_dev.php/api/resources/voting-centers/,1586542345,,200
178322,192.168.23.1,GET,http://192.168.23.10/lyra/web/app_dev.php/api/resources/jrv/,1586542345,,200
8ba206,192.168.23.1,GET,http://192.168.23.10/lyra/web/app_dev.php/api/resources/voting-centers/,1586542556,,200
6d0f66,192.168.23.1,GET,http://192.168.23.10/lyra/web/app_dev.php/api/resources/jrv/,1586542561,,200
bd96b8,192.168.23.1,GET,http://192.168.23.10/lyra/web/app_dev.php/api/resources/voting-centers/,1586542595,,200
ac229e,192.168.23.1,GET,http://192.168.23.10/lyra/web/app_dev.php/api/resources/jrv/,1586542595,,200
9c1bc6,192.168.23.1,GET,http://192.168.23.10/lyra/web/app_dev.php/api/resources/voting-centers/,1586542610,,200
6b97a9,192.168.23.1,GET,http://192.168.23.10/lyra/web/app_dev.php/api/resources/jrv/,1586542610,,200
7cf143,192.168.23.1,GET,http://192.168.23.10/lyra/web/app_dev.php/api/resources/voting-centers/,1586542657,,200
9624e3,192.168.23.1,GET,http://192.168.23.10/lyra/web/app_dev.php/api/resources/jrv/,1586542657,,200
5344dc,192.168.23.1,GET,http://192.168.23.10/lyra/web/app_dev.php/api/resources/voting-centers/,1586543522,,200
a9558a,192.168.23.1,GET,http://192.168.23.10/lyra/web/app_dev.php/api/resources/jrv/,1586543522,,200
a6ed13,192.168.23.1,GET,http://192.168.23.10/lyra/web/app_dev.php/api/resources/voting-centers/,1586543615,,200
025a9d,192.168.23.1,GET,http://192.168.23.10/lyra/web/app_dev.php/api/resources/jrv/,1586543615,,200
3eb5ce,192.168.23.1,GET,http://192.168.23.10/lyra/web/app_dev.php/api/resources/voting-centers/,1586543717,,200
e26320,192.168.23.1,GET,http://192.168.23.10/lyra/web/app_dev.php/api/resources/jrv/,1586543717,,200
cc04f0,192.168.23.1,GET,http://192.168.23.10/lyra/web/app_dev.php/api/resources/voting-centers/,1586543788,,200
9c9337,192.168.23.1,GET,http://192.168.23.10/lyra/web/app_dev.php/api/resources/jrv/,1586543789,,200
a76c59,192.168.23.1,GET,http://192.168.23.10/lyra/web/app_dev.php/api/resources/voting-centers/,1586543823,,200
46bfa7,192.168.23.1,GET,http://192.168.23.10/lyra/web/app_dev.php/api/resources/jrv/,1586543823,,200
126fd0,192.168.23.1,GET,http://192.168.23.10/lyra/web/app_dev.php/api/resources/voting-centers/,1586543910,,200
b285bd,192.168.23.1,GET,http://192.168.23.10/lyra/web/app_dev.php/api/resources/jrv/,1586543910,,200
4e1255,192.168.23.1,GET,http://192.168.23.10/lyra/web/app_dev.php/api/resources/voting-centers/,1586543931,,200
d61622,192.168.23.1,GET,http://192.168.23.10/lyra/web/app_dev.php/api/resources/jrv/,1586543931,,200
bb454d,192.168.23.1,GET,http://192.168.23.10/lyra/web/app_dev.php/api/resources/voting-centers/,1586543978,,200
c3fb9a,192.168.23.1,GET,http://192.168.23.10/lyra/web/app_dev.php/api/resources/jrv/,1586543978,,200
6fae59,192.168.23.1,GET,http://192.168.23.10/lyra/web/app_dev.php/api/resources/voting-centers/,1586544131,,200
4efae7,192.168.23.1,GET,http://192.168.23.10/lyra/web/app_dev.php/api/resources/jrv/,1586544131,,200
31a216,192.168.23.1,GET,http://192.168.23.10/lyra/web/app_dev.php/api/resources/voting-centers/,1586544213,,200
42555a,192.168.23.1,GET,http://192.168.23.10/lyra/web/app_dev.php/api/resources/jrv/,1586544213,,200
ba6d42,192.168.23.1,GET,http://192.168.23.10/lyra/web/app_dev.php/api/resources/voting-centers/,1586544948,,200
578b32,192.168.23.1,GET,http://192.168.23.10/lyra/web/app_dev.php/api/resources/jrv/,1586544948,,200
f1ece5,192.168.23.1,GET,http://192.168.23.10/lyra/web/app_dev.php/api/resources/voting-centers/,1586545015,,200
a89aa5,192.168.23.1,GET,http://192.168.23.10/lyra/web/app_dev.php/api/resources/jrv/,1586545015,,200
a84f9d,192.168.23.1,GET,http://192.168.23.10/lyra/web/app_dev.php/api/resources/voting-centers/,1586545171,,200
bc65ae,192.168.23.1,GET,http://192.168.23.10/lyra/web/app_dev.php/api/resources/jrv/,1586545172,,200
b0dcb9,192.168.23.1,GET,http://192.168.23.10/lyra/web/app_dev.php/api/resources/voting-centers/,1586545231,,200
6c3d95,192.168.23.1,GET,http://192.168.23.10/lyra/web/app_dev.php/api/resources/jrv/,1586545231,,200
5b3223,192.168.23.1,GET,http://192.168.23.10/lyra/web/app_dev.php/api/resources/voting-centers/,1586545282,,200
58fc4b,192.168.23.1,GET,http://192.168.23.10/lyra/web/app_dev.php/api/resources/jrv/,1586545283,,200
12b0d7,192.168.23.1,GET,http://192.168.23.10/lyra/web/app_dev.php/api/resources/voting-centers/,1586545379,,200
05f407,192.168.23.1,GET,http://192.168.23.10/lyra/web/app_dev.php/api/resources/jrv/,1586545380,,200
959d9f,192.168.23.1,GET,http://192.168.23.10/lyra/web/app_dev.php/api/resources/voting-centers/,1586545680,,200
fa9f2b,192.168.23.1,GET,http://192.168.23.10/lyra/web/app_dev.php/api/resources/jrv/,1586545684,,200
c214f0,192.168.23.1,GET,http://192.168.23.10/lyra/web/app_dev.php/api/resources/voting-centers/,1586545722,,200
261d32,192.168.23.1,GET,http://192.168.23.10/lyra/web/app_dev.php/api/resources/jrv/,1586545722,,200
c6914d,192.168.23.1,GET,http://192.168.23.10/lyra/web/app_dev.php/api/resources/voting-centers/,1586545760,,200
1fa61f,192.168.23.1,GET,http://192.168.23.10/lyra/web/app_dev.php/api/resources/jrv/,1586545760,,200
ea5ab4,192.168.23.1,GET,http://192.168.23.10/lyra/web/app_dev.php/api/resources/voting-centers/,1586545847,,200
36d09c,192.168.23.1,GET,http://192.168.23.10/lyra/web/app_dev.php/api/resources/jrv/,1586545847,,200
73a249,192.168.23.1,GET,http://192.168.23.10/lyra/web/app_dev.php/api/resources/voting-centers/,1586545939,,200
2bb1d0,192.168.23.1,GET,http://192.168.23.10/lyra/web/app_dev.php/api/resources/jrv/,1586545940,,200
683ad4,192.168.23.1,GET,http://192.168.23.10/lyra/web/app_dev.php/api/resources/voting-centers/,1586546027,,200
45afd1,192.168.23.1,GET,http://192.168.23.10/lyra/web/app_dev.php/api/resources/jrv/,1586546027,,200
b9d15b,192.168.23.1,GET,http://192.168.23.10/lyra/web/app_dev.php/api/resources/voting-centers/,1586546103,,200
1dc16a,192.168.23.1,GET,http://192.168.23.10/lyra/web/app_dev.php/api/resources/jrv/,1586546104,,200
c8ecbe,192.168.23.1,GET,http://192.168.23.10/lyra/web/app_dev.php/api/resources/voting-centers/,1586546152,,200
64ec26,192.168.23.1,GET,http://192.168.23.10/lyra/web/app_dev.php/api/resources/jrv/,1586546152,,200
c23cfc,192.168.23.1,GET,http://192.168.23.10/lyra/web/app_dev.php/api/resources/voting-centers/,1586546522,,200
b8a932,192.168.23.1,GET,http://192.168.23.10/lyra/web/app_dev.php/api/resources/jrv/,1586546522,,200
0afb77,192.168.23.1,GET,http://192.168.23.10/lyra/web/app_dev.php/api/resources/voting-centers/,1586546985,,200
a825f1,192.168.23.1,GET,http://192.168.23.10/lyra/web/app_dev.php/api/resources/jrv/,1586546986,,200
baf521,192.168.23.1,GET,http://192.168.23.10/lyra/web/app_dev.php/api/resources/voting-centers/,1586550136,,200
68af49,192.168.23.1,GET,http://192.168.23.10/lyra/web/app_dev.php/api/resources/voting-centers/,1586551418,,200
fb9169,192.168.23.1,GET,http://192.168.23.10/lyra/web/app_dev.php/api/resources/jrv/,1586551423,,200
782893,192.168.23.1,GET,http://192.168.23.10/lyra/web/app_dev.php/api/resources/voting-centers/,1586551436,,200
38a373,192.168.23.1,GET,http://192.168.23.10/lyra/web/app_dev.php/api/resources/jrv/,1586551436,,200
a6484e,192.168.23.1,GET,http://192.168.23.10/lyra/web/app_dev.php/api/resources/voting-centers/,1586552230,,200
0c957e,192.168.23.1,GET,http://192.168.23.10/lyra/web/app_dev.php/api/resources/jrv/,1586552231,,200
439f87,192.168.23.1,GET,http://192.168.23.10/lyra/web/app_dev.php/api/resources/voting-centers/,1586552278,,200
45c249,192.168.23.1,GET,http://192.168.23.10/lyra/web/app_dev.php/api/resources/jrv/,1586552279,,200
a8e829,192.168.23.1,GET,http://192.168.23.10/lyra/web/app_dev.php/api/resources/voting-centers/,1586552377,,200
417e1f,192.168.23.1,GET,http://192.168.23.10/lyra/web/app_dev.php/api/resources/jrv/,1586552378,,200
a9ed20,192.168.23.1,GET,http://192.168.23.10/lyra/web/app_dev.php/api/resources/voting-centers/,1586552421,,200
03208d,192.168.23.1,GET,http://192.168.23.10/lyra/web/app_dev.php/api/resources/jrv/,1586552421,,200
60593c,192.168.23.1,GET,http://192.168.23.10/lyra/web/app_dev.php/api/resources/voting-centers/,1586552636,,200
f905b2,192.168.23.1,GET,http://192.168.23.10/lyra/web/app_dev.php/api/resources/jrv/,1586552636,,200
6189e7,192.168.23.1,GET,http://192.168.23.10/lyra/web/app_dev.php/api/resources/voting-centers/,1586552655,,200
ac1c9e,192.168.23.1,GET,http://192.168.23.10/lyra/web/app_dev.php/api/resources/jrv/,1586552656,,200
d97af2,192.168.23.1,GET,http://192.168.23.10/lyra/web/app_dev.php/api/resources/voting-centers/,1586553335,,200
d0e979,192.168.23.1,GET,http://192.168.23.10/lyra/web/app_dev.php/api/resources/jrv/,1586553336,,200
ecdec2,192.168.23.1,GET,http://192.168.23.10/lyra/web/app_dev.php/api/resources/voting-centers/,1586553415,,200
fa795f,192.168.23.1,GET,http://192.168.23.10/lyra/web/app_dev.php/api/resources/jrv/,1586553419,,200
8bef65,192.168.23.1,GET,http://192.168.23.10/lyra/web/app_dev.php/api/resources/voting-centers/,1586553440,,200
c8b83f,192.168.23.1,GET,http://192.168.23.10/lyra/web/app_dev.php/api/resources/jrv/,1586553440,,200
dcb15b,192.168.23.1,GET,http://192.168.23.10/lyra/web/app_dev.php/api/resources/voting-centers/,1586553903,,200
cee3d1,192.168.23.1,GET,http://192.168.23.10/lyra/web/app_dev.php/api/resources/jrv/,1586553903,,200
d1cad3,192.168.23.1,GET,http://192.168.23.10/lyra/web/app_dev.php/api/resources/voting-centers/,1586553967,,200
676e78,192.168.23.1,GET,http://192.168.23.10/lyra/web/app_dev.php/api/resources/jrv/,1586553967,,200
16c202,192.168.23.1,GET,http://192.168.23.10/lyra/web/app_dev.php/api/resources/voting-centers/,1586553994,,200
f48d36,192.168.23.1,GET,http://192.168.23.10/lyra/web/app_dev.php/api/resources/jrv/,1586553994,,200
f6cda8,192.168.23.1,GET,http://192.168.23.10/lyra/web/app_dev.php/api/resources/voting-centers/,1586554105,,200
5b463d,192.168.23.1,GET,http://192.168.23.10/lyra/web/app_dev.php/api/resources/jrv/,1586554105,,200
70f5e2,192.168.23.1,GET,http://192.168.23.10/lyra/web/app_dev.php/api/resources/voting-centers/,1586554114,,200
d592c6,192.168.23.1,GET,http://192.168.23.10/lyra/web/app_dev.php/api/resources/jrv/,1586554114,,200
38f108,192.168.23.1,GET,http://192.168.23.10/lyra/web/app_dev.php/api/resources/voting-centers/,1586554125,,200
e8b697,192.168.23.1,GET,http://192.168.23.10/lyra/web/app_dev.php/api/resources/jrv/,1586554126,,200
8e8af8,192.168.23.1,GET,http://192.168.23.10/lyra/web/app_dev.php/api/resources/voting-centers/,1586554340,,200
21c613,192.168.23.1,GET,http://192.168.23.10/lyra/web/app_dev.php/api/resources/jrv/,1586554340,,200
4a72d6,192.168.23.1,GET,http://192.168.23.10/lyra/web/app_dev.php/api/resources/voting-centers/,1586555020,,200
b5a787,192.168.23.1,GET,http://192.168.23.10/lyra/web/app_dev.php/api/resources/jrv/,1586555025,,200
d3df84,192.168.23.1,GET,http://192.168.23.10/lyra/web/app_dev.php/api/resources/voting-centers/,1586555149,,200
dea0a4,192.168.23.1,GET,http://192.168.23.10/lyra/web/app_dev.php/api/resources/jrv/,1586555150,,200
84757d,192.168.23.1,GET,http://192.168.23.10/lyra/web/app_dev.php/api/resources/voting-centers/,1586555544,,200
6e83e1,192.168.23.1,GET,http://192.168.23.10/lyra/web/app_dev.php/api/resources/jrv/,1586555544,,200
5c461e,192.168.23.1,GET,http://192.168.23.10/lyra/web/app_dev.php/api/resources/voting-centers/,1586555557,,200
0cd978,192.168.23.1,GET,http://192.168.23.10/lyra/web/app_dev.php/api/resources/jrv/,1586555557,,200
10b2cd,192.168.23.1,GET,http://192.168.23.10/lyra/web/app_dev.php/api/resources/voting-centers/,1586555868,,200
e3fd67,192.168.23.1,GET,http://192.168.23.10/lyra/web/app_dev.php/api/resources/jrv/,1586555868,,200
4193e0,192.168.23.1,GET,http://192.168.23.10/lyra/web/app_dev.php/api/resources/voting-centers/,1586555886,,200
49c8f8,192.168.23.1,GET,http://192.168.23.10/lyra/web/app_dev.php/api/resources/jrv/,1586555886,,200
83c85b,192.168.23.1,GET,http://192.168.23.10/lyra/web/app_dev.php/api/resources/voting-centers/,1586555893,,200
95c461,192.168.23.1,GET,http://192.168.23.10/lyra/web/app_dev.php/api/resources/jrv/,1586555893,,200
8bc436,192.168.23.1,GET,http://192.168.23.10/lyra/web/app_dev.php/api/resources/voting-centers/,1586555909,,200
85fb3b,192.168.23.1,GET,http://192.168.23.10/lyra/web/app_dev.php/api/resources/jrv/,1586555909,,200
3e43bf,192.168.23.1,GET,http://192.168.23.10/lyra/web/app_dev.php/api/resources/voting-centers/,1586556552,,200
6c3573,192.168.23.1,GET,http://192.168.23.10/lyra/web/app_dev.php/api/resources/jrv/,1586556552,,200
b4ec69,192.168.23.1,GET,http://192.168.23.10/lyra/web/app_dev.php/api/resources/voting-centers/,1586556562,,200
c341ca,192.168.23.1,GET,http://192.168.23.10/lyra/web/app_dev.php/api/resources/jrv/,1586556562,,200
a0168d,192.168.23.1,GET,http://192.168.23.10/lyra/web/app_dev.php/api/resources/voting-centers/,1586556570,,200
bdf9f4,192.168.23.1,GET,http://192.168.23.10/lyra/web/app_dev.php/api/resources/jrv/,1586556571,,200
382c26,192.168.23.1,GET,http://192.168.23.10/lyra/web/app_dev.php/api/resources/voting-centers/,1586556578,,200
a1f59f,192.168.23.1,GET,http://192.168.23.10/lyra/web/app_dev.php/api/resources/jrv/,1586556578,,200
271cc6,192.168.23.1,GET,http://192.168.23.10/lyra/web/app_dev.php/api/resources/voting-centers/,1586556645,,200
3e8106,192.168.23.1,GET,http://192.168.23.10/lyra/web/app_dev.php/api/resources/jrv/,1586556645,,200
7f47ce,192.168.23.1,GET,http://192.168.23.10/lyra/web/app_dev.php/api/resources/voting-centers/,1586556657,,200
c6b5e1,192.168.23.1,GET,http://192.168.23.10/lyra/web/app_dev.php/api/resources/jrv/,1586556657,,200
329828,192.168.23.1,GET,http://192.168.23.10/lyra/web/app_dev.php/api/resources/voting-centers/,1586557051,,200
5ff9f5,192.168.23.1,GET,http://192.168.23.10/lyra/web/app_dev.php/api/resources/jrv/,1586557051,,200
bb6b66,192.168.23.1,GET,http://192.168.23.10/lyra/web/app_dev.php/api/resources/voting-centers/,1586557071,,200
58444d,192.168.23.1,GET,http://192.168.23.10/lyra/web/app_dev.php/api/resources/jrv/,1586557071,,200
89365d,192.168.23.1,GET,http://192.168.23.10/lyra/web/app_dev.php/api/resources/voting-centers/,1586557080,,200
bc3586,192.168.23.1,GET,http://192.168.23.10/lyra/web/app_dev.php/api/resources/jrv/,1586557080,,200
1fd83c,192.168.23.1,GET,http://192.168.23.10/lyra/web/app_dev.php/api/resources/voting-centers/,1586557122,,200
4c91a2,192.168.23.1,GET,http://192.168.23.10/lyra/web/app_dev.php/api/resources/jrv/,1586557122,,200
b86845,192.168.23.1,GET,http://192.168.23.10/lyra/web/app_dev.php/api/resources/voting-centers/,1586557126,,200
4128db,192.168.23.1,GET,http://192.168.23.10/lyra/web/app_dev.php/api/resources/jrv/,1586557126,,200
560791,192.168.23.1,GET,http://192.168.23.10/lyra/web/app_dev.php/api/resources/voting-centers/,1586557131,,200
2e0ad6,192.168.23.1,GET,http://192.168.23.10/lyra/web/app_dev.php/api/resources/jrv/,1586557131,,200
b7fc45,192.168.23.1,GET,http://192.168.23.10/lyra/web/app_dev.php/api/resources/voting-centers/,1586557135,,200
739c7f,192.168.23.1,GET,http://192.168.23.10/lyra/web/app_dev.php/api/resources/jrv/,1586557135,,200
aaf69c,192.168.23.1,GET,http://192.168.23.10/lyra/web/app_dev.php/api/resources/voting-centers/,1586557144,,200
a3c5bb,192.168.23.1,GET,http://192.168.23.10/lyra/web/app_dev.php/api/resources/jrv/,1586557144,,200
282960,192.168.23.1,GET,http://192.168.23.10/lyra/web/app_dev.php/api/resources/voting-centers/,1586557153,,200
962feb,192.168.23.1,GET,http://192.168.23.10/lyra/web/app_dev.php/api/resources/jrv/,1586557153,,200
1f050a,192.168.23.1,GET,http://192.168.23.10/lyra/web/app_dev.php/api/resources/voting-centers/,1586557173,,200
9e2091,192.168.23.1,GET,http://192.168.23.10/lyra/web/app_dev.php/api/resources/jrv/,1586557173,,200
26eec2,192.168.23.1,GET,http://192.168.23.10/lyra/web/app_dev.php/api/resources/voting-centers/,1586561659,,200
029f67,192.168.23.1,GET,http://192.168.23.10/lyra/web/app_dev.php/api/resources/jrv/,1586561663,,200
457c99,192.168.23.1,GET,http://192.168.23.10/lyra/web/app_dev.php/api/resources/voting-centers/,1586562196,,200
8a9a7d,192.168.23.1,GET,http://192.168.23.10/lyra/web/app_dev.php/api/resources/jrv/,1586562196,,200
cad893,192.168.23.1,GET,http://192.168.23.10/lyra/web/app_dev.php/api/resources/voting-centers/,1586562387,,200
36abc4,192.168.23.1,GET,http://192.168.23.10/lyra/web/app_dev.php/api/resources/jrv/,1586562387,,200
c1a76f,192.168.23.1,GET,http://192.168.23.10/lyra/web/app_dev.php/api/resources/voting-centers/,1586562414,,200
22be43,192.168.23.1,GET,http://192.168.23.10/lyra/web/app_dev.php/api/resources/jrv/,1586562414,,200
bae77e,192.168.23.1,GET,http://192.168.23.10/lyra/web/app_dev.php/api/resources/voting-centers/,1586562424,,200
26b3da,192.168.23.1,GET,http://192.168.23.10/lyra/web/app_dev.php/api/resources/jrv/,1586562424,,200
cb2fc8,192.168.23.1,GET,http://192.168.23.10/lyra/web/app_dev.php/api/resources/voting-centers/,1586562447,,200
3de047,192.168.23.1,GET,http://192.168.23.10/lyra/web/app_dev.php/api/resources/jrv/,1586562447,,200
013dd9,192.168.23.1,GET,http://192.168.23.10/lyra/web/app_dev.php/api/resources/voting-centers/,1586562458,,200
3ab93b,192.168.23.1,GET,http://192.168.23.10/lyra/web/app_dev.php/api/resources/jrv/,1586562458,,200
8903bb,192.168.23.1,GET,http://192.168.23.10/lyra/web/app_dev.php/api/resources/voting-centers/,1586562464,,200
21b8fc,192.168.23.1,GET,http://192.168.23.10/lyra/web/app_dev.php/api/resources/jrv/,1586562464,,200
fd13a0,192.168.23.1,GET,http://192.168.23.10/lyra/web/app_dev.php/api/resources/voting-centers/,1586562467,,200
6f1a27,192.168.23.1,GET,http://192.168.23.10/lyra/web/app_dev.php/api/resources/jrv/,1586562467,,200
65c82a,192.168.23.1,GET,http://192.168.23.10/lyra/web/app_dev.php/api/resources/voting-centers/,1586562511,,200
a63d8d,192.168.23.1,GET,http://192.168.23.10/lyra/web/app_dev.php/api/resources/jrv/,1586562511,,200
525ec0,192.168.23.1,GET,http://192.168.23.10/lyra/web/app_dev.php/api/resources/voting-centers/,1586562518,,200
99b7d4,192.168.23.1,GET,http://192.168.23.10/lyra/web/app_dev.php/api/resources/jrv/,1586562518,,200
4e2ae2,192.168.23.1,GET,http://192.168.23.10/lyra/web/app_dev.php/api/resources/voting-centers/,1586562812,,200
3ea1fa,192.168.23.1,GET,http://192.168.23.10/lyra/web/app_dev.php/api/resources/jrv/,1586562812,,200
767446,192.168.23.1,GET,http://192.168.23.10/lyra/web/app_dev.php/api/resources/voting-centers/,1586562818,,200
e806fb,192.168.23.1,GET,http://192.168.23.10/lyra/web/app_dev.php/api/resources/jrv/,1586562818,,200
f508b9,192.168.23.1,GET,http://192.168.23.10/lyra/web/app_dev.php/api/resources/voting-centers/,1586562823,,200
a95a11,192.168.23.1,GET,http://192.168.23.10/lyra/web/app_dev.php/api/resources/jrv/,1586562823,,200
51a1d4,192.168.23.1,GET,http://192.168.23.10/lyra/web/app_dev.php/api/resources/voting-centers/,1586563944,,200
ee0d52,192.168.23.1,GET,http://192.168.23.10/lyra/web/app_dev.php/api/resources/jrv/,1586563944,,200
d8540e,192.168.23.1,GET,http://192.168.23.10/lyra/web/app_dev.php/api/resources/voting-centers/,1586563972,,200
dc1ae7,192.168.23.1,GET,http://192.168.23.10/lyra/web/app_dev.php/api/resources/jrv/,1586563972,,200
0a2ea9,192.168.23.1,GET,http://192.168.23.10/lyra/web/app_dev.php/api/resources/voting-centers/,1586563995,,200
c58ccd,192.168.23.1,GET,http://192.168.23.10/lyra/web/app_dev.php/api/resources/jrv/,1586563995,,200
95b865,192.168.23.1,GET,http://192.168.23.10/lyra/web/app_dev.php/api/resources/voting-centers/,1586564065,,200
03728f,192.168.23.1,GET,http://192.168.23.10/lyra/web/app_dev.php/api/resources/jrv/,1586564065,,200
c1425b,192.168.23.1,GET,http://192.168.23.10/lyra/web/app_dev.php/api/resources/voting-centers/,1586564104,,200
80ec92,192.168.23.1,GET,http://192.168.23.10/lyra/web/app_dev.php/api/resources/jrv/,1586564104,,200
2cd1e7,192.168.23.1,GET,http://192.168.23.10/lyra/web/app_dev.php/api/resources/voting-centers/,1586564241,,200
5e692f,192.168.23.1,GET,http://192.168.23.10/lyra/web/app_dev.php/api/resources/jrv/,1586564242,,200
ee6805,192.168.23.1,GET,http://192.168.23.10/lyra/web/app_dev.php/api/resources/voting-centers/,1586564357,,200
0d9acf,192.168.23.1,GET,http://192.168.23.10/lyra/web/app_dev.php/api/resources/jrv/,1586564357,,200
593181,192.168.23.1,GET,http://192.168.23.10/lyra/web/app_dev.php/api/resources/voting-centers/,1586564387,,200
142673,192.168.23.1,GET,http://192.168.23.10/lyra/web/app_dev.php/api/resources/jrv/,1586564387,,200
9b0670,192.168.23.1,GET,http://192.168.23.10/lyra/web/app_dev.php/api/resources/voting-centers/,1586564416,,200
772d10,192.168.23.1,GET,http://192.168.23.10/lyra/web/app_dev.php/api/resources/jrv/,1586564416,,200
24a5b9,192.168.23.1,GET,http://192.168.23.10/lyra/web/app_dev.php/api/resources/voting-centers/,1586564423,,200
65c38c,192.168.23.1,GET,http://192.168.23.10/lyra/web/app_dev.php/api/resources/jrv/,1586564423,,200
3703f8,192.168.23.1,GET,http://192.168.23.10/lyra/web/app_dev.php/api/resources/voting-centers/,1586564427,,200
23e789,192.168.23.1,GET,http://192.168.23.10/lyra/web/app_dev.php/api/resources/jrv/,1586564427,,200
aef886,192.168.23.1,GET,http://192.168.23.10/lyra/web/app_dev.php/api/resources/voting-centers/,1586564429,,200
24aa0f,192.168.23.1,GET,http://192.168.23.10/lyra/web/app_dev.php/api/resources/jrv/,1586564429,,200
6eed27,192.168.23.1,GET,http://192.168.23.10/lyra/web/app_dev.php/api/resources/voting-centers/,1586564476,,200
cf155f,192.168.23.1,GET,http://192.168.23.10/lyra/web/app_dev.php/api/resources/jrv/,1586564476,,200
98f7ac,192.168.23.1,GET,http://192.168.23.10/lyra/web/app_dev.php/api/resources/voting-centers/,1586564491,,200
8b624f,192.168.23.1,GET,http://192.168.23.10/lyra/web/app_dev.php/api/resources/jrv/,1586564491,,200
408026,192.168.23.1,GET,http://192.168.23.10/lyra/web/app_dev.php/api/resources/voting-centers/,1586564764,,200
4375ba,192.168.23.1,GET,http://192.168.23.10/lyra/web/app_dev.php/api/resources/jrv/,1586564764,,200
4e2ccd,192.168.23.1,GET,http://192.168.23.10/lyra/web/app_dev.php/api/resources/voting-centers/,1586564813,,200
35b968,192.168.23.1,GET,http://192.168.23.10/lyra/web/app_dev.php/api/resources/jrv/,1586564813,,200
ebc826,192.168.23.1,GET,http://192.168.23.10/lyra/web/app_dev.php/api/resources/voting-centers/,1586564855,,200
852d5b,192.168.23.1,GET,http://192.168.23.10/lyra/web/app_dev.php/api/resources/jrv/,1586564855,,200
b75344,192.168.23.1,GET,http://192.168.23.10/lyra/web/app_dev.php/api/resources/voting-centers/,1586564860,,200
0e7c0a,192.168.23.1,GET,http://192.168.23.10/lyra/web/app_dev.php/api/resources/jrv/,1586564861,,200
b6e11c,192.168.23.1,GET,http://192.168.23.10/lyra/web/app_dev.php/api/resources/voting-centers/,1586568671,,200
32e03c,192.168.23.1,GET,http://192.168.23.10/lyra/web/app_dev.php/api/resources/voting-centers/,1586569347,,200
23d933,192.168.23.1,GET,http://192.168.23.10/lyra/web/app_dev.php/api/resources/jrv/,1586569347,,200
d7653c,192.168.23.1,GET,http://192.168.23.10/lyra/web/app_dev.php/api/resources/voting-centers/,1586569444,,200
caaff8,192.168.23.1,GET,http://192.168.23.10/lyra/web/app_dev.php/api/resources/jrv/,1586569444,,200
1bebd4,192.168.23.1,GET,http://192.168.23.10/lyra/web/app_dev.php/api/resources/voting-centers/,1586569552,,200
857718,192.168.23.1,GET,http://192.168.23.10/lyra/web/app_dev.php/api/resources/jrv/,1586569552,,200
a6d952,192.168.23.1,GET,http://192.168.23.10/lyra/web/app_dev.php/api/resources/voting-centers/,1586569559,,200
d084fe,192.168.23.1,GET,http://192.168.23.10/lyra/web/app_dev.php/api/resources/jrv/,1586569559,,200
6d51ac,192.168.23.1,GET,http://192.168.23.10/lyra/web/app_dev.php/api/resources/voting-centers/,1586569588,,200
46d280,192.168.23.1,GET,http://192.168.23.10/lyra/web/app_dev.php/api/resources/jrv/,1586569588,,200
1b11e3,192.168.23.1,GET,http://192.168.23.10/lyra/web/app_dev.php/api/resources/voting-centers/,1586569667,,200
b305fb,192.168.23.1,GET,http://192.168.23.10/lyra/web/app_dev.php/api/resources/jrv/,1586569667,,200
69090f,192.168.23.1,GET,http://192.168.23.10/lyra/web/app_dev.php/api/resources/voting-centers/,1586569959,,200
84282c,192.168.23.1,GET,http://192.168.23.10/lyra/web/app_dev.php/api/resources/jrv/,1586569959,,200
9e1778,192.168.23.1,GET,http://192.168.23.10/lyra/web/app_dev.php/api/resources/voting-centers/,1586570674,,200
d2d069,192.168.23.1,GET,http://192.168.23.10/lyra/web/app_dev.php/api/resources/jrv/,1586570674,,200
7bd657,192.168.23.1,GET,http://192.168.23.10/lyra/web/app_dev.php/api/resources/voting-centers/,1586571017,,200
aec956,192.168.23.1,GET,http://192.168.23.10/lyra/web/app_dev.php/api/resources/jrv/,1586571017,,200
7ccdf2,192.168.23.1,GET,http://192.168.23.10/lyra/web/app_dev.php/api/resources/voting-centers/,1586571027,,200
6812d0,192.168.23.1,GET,http://192.168.23.10/lyra/web/app_dev.php/api/resources/jrv/,1586571027,,200
fcd8d9,192.168.23.1,GET,http://192.168.23.10/lyra/web/app_dev.php/api/resources/voting-centers/,1586571030,,200
82cffd,192.168.23.1,GET,http://192.168.23.10/lyra/web/app_dev.php/api/resources/jrv/,1586571030,,200
cff4bf,192.168.23.1,GET,http://192.168.23.10/lyra/web/app_dev.php/api/resources/voting-centers/,1586571033,,200
d6b225,192.168.23.1,GET,http://192.168.23.10/lyra/web/app_dev.php/api/resources/jrv/,1586571034,,200
784f03,192.168.23.1,GET,http://192.168.23.10/lyra/web/app_dev.php/api/resources/voting-centers/,1586571194,,200
fcaa6e,192.168.23.1,GET,http://192.168.23.10/lyra/web/app_dev.php/api/resources/jrv/,1586571195,,200
6e0cc4,192.168.23.1,GET,http://192.168.23.10/lyra/web/app_dev.php/api/resources/voting-centers/,1586571214,,200
0bd93c,192.168.23.1,GET,http://192.168.23.10/lyra/web/app_dev.php/api/resources/jrv/,1586571214,,200
d38764,192.168.23.1,GET,http://192.168.23.10/lyra/web/app_dev.php/api/resources/voting-centers/,1586571232,,200
e6620e,192.168.23.1,GET,http://192.168.23.10/lyra/web/app_dev.php/api/resources/jrv/,1586571232,,200
0c0c28,192.168.23.1,GET,http://192.168.23.10/lyra/web/app_dev.php/api/resources/voting-centers/,1586571349,,200
336a20,192.168.23.1,GET,http://192.168.23.10/lyra/web/app_dev.php/api/resources/jrv/,1586571349,,200
00329b,192.168.23.1,GET,http://192.168.23.10/lyra/web/app_dev.php/api/resources/voting-centers/,1586619623,,200
35f2d2,192.168.23.1,GET,http://192.168.23.10/lyra/web/app_dev.php/api/resources/jrv/,1586619628,,200
12e0e0,192.168.23.1,GET,http://192.168.23.10/lyra/web/app_dev.php/api/resources/voting-centers/,1586619886,,200
11c208,192.168.23.1,GET,http://192.168.23.10/lyra/web/app_dev.php/api/resources/jrv/,1586619886,,200
4e3aee,192.168.23.1,GET,http://192.168.23.10/lyra/web/app_dev.php/api/resources/voting-centers/,1586619977,,200
890e73,192.168.23.1,GET,http://192.168.23.10/lyra/web/app_dev.php/api/resources/jrv/,1586619977,,200
4f8765,192.168.23.1,GET,http://192.168.23.10/lyra/web/app_dev.php/api/resources/voting-centers/,1586637021,,200
41d70e,192.168.23.1,GET,http://192.168.23.10/lyra/web/app_dev.php/api/resources/jrv/,1586637022,,200
fbe4e9,192.168.23.1,GET,http://192.168.23.10/lyra/web/app_dev.php/api/resources/voting-centers/,1586637159,,200
85bfc1,192.168.23.1,GET,http://192.168.23.10/lyra/web/app_dev.php/api/resources/jrv/,1586637159,,200
1c3e11,192.168.23.1,GET,http://192.168.23.10/lyra/web/app_dev.php/api/resources/voting-centers/,1586637283,,200
e8fe41,192.168.23.1,GET,http://192.168.23.10/lyra/web/app_dev.php/api/resources/jrv/,1586637283,,200
14aed3,192.168.23.1,GET,http://192.168.23.10/lyra/web/app_dev.php/api/resources/voting-centers/,1586640396,,200
8e687b,192.168.23.1,GET,http://192.168.23.10/lyra/web/app_dev.php/api/resources/jrv/,1586640401,,200
a3e550,192.168.23.1,GET,http://192.168.23.10/lyra/web/app_dev.php/api/resources/voting-centers/,1586641019,,200
e6c809,192.168.23.1,GET,http://192.168.23.10/lyra/web/app_dev.php/api/resources/jrv/,1586641019,,200
d75d0d,192.168.23.1,GET,http://192.168.23.10/lyra/web/app_dev.php/api/resources/voting-centers/,1586641027,,200
3fa666,192.168.23.1,GET,http://192.168.23.10/lyra/web/app_dev.php/api/resources/jrv/,1586641027,,200
3ec96c,192.168.23.1,GET,http://192.168.23.10/lyra/web/app_dev.php/api/resources/voting-centers/,1586641776,,200
37306f,192.168.23.1,GET,http://192.168.23.10/lyra/web/app_dev.php/api/resources/jrv/,1586641777,,200
bcafee,192.168.23.1,GET,http://192.168.23.10/lyra/web/app_dev.php/api/resources/voting-centers/,1586641819,,200
763086,192.168.23.1,GET,http://192.168.23.10/lyra/web/app_dev.php/api/resources/jrv/,1586641819,,200
17c908,192.168.23.1,GET,http://192.168.23.10/lyra/web/app_dev.php/api/resources/voting-centers/,1586641907,,200
787fff,192.168.23.1,GET,http://192.168.23.10/lyra/web/app_dev.php/api/resources/jrv/,1586641907,,200
86dba6,192.168.23.1,GET,http://192.168.23.10/lyra/web/app_dev.php/api/resources/voting-centers/,1586641983,,200
fe31fe,192.168.23.1,GET,http://192.168.23.10/lyra/web/app_dev.php/api/resources/jrv/,1586641983,,200
b54eee,192.168.23.1,GET,http://192.168.23.10/lyra/web/app_dev.php/api/resources/voting-centers/,1586642010,,200
593aec,192.168.23.1,GET,http://192.168.23.10/lyra/web/app_dev.php/api/resources/jrv/,1586642010,,200
a3ca15,192.168.23.1,GET,http://192.168.23.10/lyra/web/app_dev.php/api/resources/voting-centers/,1586642026,,200
cf8722,192.168.23.1,GET,http://192.168.23.10/lyra/web/app_dev.php/api/resources/jrv/,1586642027,,200
d7cd1a,192.168.23.1,GET,http://192.168.23.10/lyra/web/app_dev.php/api/resources/voting-centers/,1586642113,,200
6b4e07,192.168.23.1,GET,http://192.168.23.10/lyra/web/app_dev.php/api/resources/jrv/,1586642113,,200
09d84b,192.168.23.1,GET,http://192.168.23.10/lyra/web/app_dev.php/api/resources/voting-centers/,1586642156,,200
e66213,192.168.23.1,GET,http://192.168.23.10/lyra/web/app_dev.php/api/resources/jrv/,1586642156,,200
137cc3,192.168.23.1,GET,http://192.168.23.10/lyra/web/app_dev.php/api/resources/voting-centers/,1586642195,,200
2f1e71,192.168.23.1,GET,http://192.168.23.10/lyra/web/app_dev.php/api/resources/jrv/,1586642195,,200
e9b82f,192.168.23.1,GET,http://192.168.23.10/lyra/web/app_dev.php/api/resources/voting-centers/,1586642224,,200
dbc4b8,192.168.23.1,GET,http://192.168.23.10/lyra/web/app_dev.php/api/resources/jrv/,1586642224,,200
babf59,192.168.23.1,GET,http://192.168.23.10/lyra/web/app_dev.php/api/resources/voting-centers/,1586642252,,200
2bb84c,192.168.23.1,GET,http://192.168.23.10/lyra/web/app_dev.php/api/resources/jrv/,1586642252,,200
a6bd02,192.168.23.1,GET,http://192.168.23.10/lyra/web/app_dev.php/api/resources/voting-centers/,1586642301,,200
2efee4,192.168.23.1,GET,http://192.168.23.10/lyra/web/app_dev.php/api/resources/jrv/,1586642301,,200
0b1a49,192.168.23.1,GET,http://192.168.23.10/lyra/web/app_dev.php/api/resources/voting-centers/,1586642335,,200
804f0d,192.168.23.1,GET,http://192.168.23.10/lyra/web/app_dev.php/api/resources/jrv/,1586642335,,200
bf8e99,192.168.23.1,GET,http://192.168.23.10/lyra/web/app_dev.php/api/resources/voting-centers/,1586642352,,200
030767,192.168.23.1,GET,http://192.168.23.10/lyra/web/app_dev.php/api/resources/jrv/,1586642353,,200
ee3dda,192.168.23.1,GET,http://192.168.23.10/lyra/web/app_dev.php/api/resources/voting-centers/,1586642368,,200
fb74dc,192.168.23.1,GET,http://192.168.23.10/lyra/web/app_dev.php/api/resources/jrv/,1586642368,,200
4d7dda,192.168.23.1,GET,http://192.168.23.10/lyra/web/app_dev.php/api/resources/voting-centers/,1586642413,,200
3b3bab,192.168.23.1,GET,http://192.168.23.10/lyra/web/app_dev.php/api/resources/jrv/,1586642413,,200
e882a9,192.168.23.1,GET,http://192.168.23.10/lyra/web/app_dev.php/api/resources/voting-centers/,1586642419,,200
7d14ed,192.168.23.1,GET,http://192.168.23.10/lyra/web/app_dev.php/api/resources/jrv/,1586642419,,200
c21d2a,192.168.23.1,GET,http://192.168.23.10/lyra/web/app_dev.php/api/resources/voting-centers/,1586642429,,200
b03b57,192.168.23.1,GET,http://192.168.23.10/lyra/web/app_dev.php/api/resources/jrv/,1586642429,,200
5abd5b,192.168.23.1,GET,http://192.168.23.10/lyra/web/app_dev.php/api/resources/voting-centers/,1586642472,,200
269fd6,192.168.23.1,GET,http://192.168.23.10/lyra/web/app_dev.php/api/resources/jrv/,1586642472,,200
3d11d6,192.168.23.1,GET,http://192.168.23.10/lyra/web/app_dev.php/api/resources/voting-centers/,1586642493,,200
2fdc1a,192.168.23.1,GET,http://192.168.23.10/lyra/web/app_dev.php/api/resources/jrv/,1586642493,,200
e0f660,192.168.23.1,GET,http://192.168.23.10/lyra/web/app_dev.php/api/resources/voting-centers/,1586642509,,200
ab46aa,192.168.23.1,GET,http://192.168.23.10/lyra/web/app_dev.php/api/resources/jrv/,1586642509,,200
8a8dfd,192.168.23.1,GET,http://192.168.23.10/lyra/web/app_dev.php/api/resources/voting-centers/,1586642537,,200
7099f8,192.168.23.1,GET,http://192.168.23.10/lyra/web/app_dev.php/api/resources/jrv/,1586642537,,200
6c7024,192.168.23.1,GET,http://192.168.23.10/lyra/web/app_dev.php/api/resources/voting-centers/,1586642541,,200
2db585,192.168.23.1,GET,http://192.168.23.10/lyra/web/app_dev.php/api/resources/jrv/,1586642541,,200
acd01c,192.168.23.1,GET,http://192.168.23.10/lyra/web/app_dev.php/api/resources/voting-centers/,1586642550,,200
562a0b,192.168.23.1,GET,http://192.168.23.10/lyra/web/app_dev.php/api/resources/jrv/,1586642550,,200
14ca70,192.168.23.1,GET,http://192.168.23.10/lyra/web/app_dev.php/api/resources/voting-centers/,1586642569,,200
fcf369,192.168.23.1,GET,http://192.168.23.10/lyra/web/app_dev.php/api/resources/jrv/,1586642569,,200
1c403f,192.168.23.1,GET,http://192.168.23.10/lyra/web/app_dev.php/api/resources/voting-centers/,1586642603,,200
ce8cb8,192.168.23.1,GET,http://192.168.23.10/lyra/web/app_dev.php/api/resources/jrv/,1586642603,,200
3682a9,192.168.23.1,GET,http://192.168.23.10/lyra/web/app_dev.php/api/resources/voting-centers/,1586642637,,200
cd42b8,192.168.23.1,GET,http://192.168.23.10/lyra/web/app_dev.php/api/resources/jrv/,1586642637,,200
66af7b,192.168.23.1,GET,http://192.168.23.10/lyra/web/app_dev.php/api/resources/voting-centers/,1586642651,,200
25420d,192.168.23.1,GET,http://192.168.23.10/lyra/web/app_dev.php/api/resources/jrv/,1586642651,,200
97ff36,192.168.23.1,GET,http://192.168.23.10/lyra/web/app_dev.php/api/resources/voting-centers/,1586642677,,200
30ac3a,192.168.23.1,GET,http://192.168.23.10/lyra/web/app_dev.php/api/resources/jrv/,1586642677,,200
f3b20e,192.168.23.1,GET,http://192.168.23.10/lyra/web/app_dev.php/api/resources/voting-centers/,1586642687,,200
fc1347,192.168.23.1,GET,http://192.168.23.10/lyra/web/app_dev.php/api/resources/jrv/,1586642687,,200
c4fbeb,192.168.23.1,GET,http://192.168.23.10/lyra/web/app_dev.php/api/resources/voting-centers/,1586642689,,200
e89d2e,192.168.23.1,GET,http://192.168.23.10/lyra/web/app_dev.php/api/resources/jrv/,1586642689,,200
60427e,192.168.23.1,GET,http://192.168.23.10/lyra/web/app_dev.php/api/resources/voting-centers/,1586642691,,200
f95d15,192.168.23.1,GET,http://192.168.23.10/lyra/web/app_dev.php/api/resources/jrv/,1586642691,,200
1087f7,192.168.23.1,GET,http://192.168.23.10/lyra/web/app_dev.php/api/resources/voting-centers/,1586642762,,200
b82434,192.168.23.1,GET,http://192.168.23.10/lyra/web/app_dev.php/api/resources/jrv/,1586642762,,200
9d873b,192.168.23.1,GET,http://192.168.23.10/lyra/web/app_dev.php/api/resources/voting-centers/,1586642784,,200
b63c50,192.168.23.1,GET,http://192.168.23.10/lyra/web/app_dev.php/api/resources/jrv/,1586642784,,200
c010ea,192.168.23.1,GET,http://192.168.23.10/lyra/web/app_dev.php/api/resources/voting-centers/,1586642829,,200
eba07a,192.168.23.1,GET,http://192.168.23.10/lyra/web/app_dev.php/api/resources/jrv/,1586642830,,200
c4f7e6,192.168.23.1,GET,http://192.168.23.10/lyra/web/app_dev.php/api/resources/voting-centers/,1586642943,,200
5f4227,192.168.23.1,GET,http://192.168.23.10/lyra/web/app_dev.php/api/resources/jrv/,1586642943,,200
54067f,192.168.23.1,GET,http://192.168.23.10/lyra/web/app_dev.php/api/resources/voting-centers/,1586642960,,200
b7fb16,192.168.23.1,GET,http://192.168.23.10/lyra/web/app_dev.php/api/resources/jrv/,1586642960,,200
dd1db7,192.168.23.1,GET,http://192.168.23.10/lyra/web/app_dev.php/api/resources/voting-centers/,1586643056,,200
2e2d8d,192.168.23.1,GET,http://192.168.23.10/lyra/web/app_dev.php/api/resources/jrv/,1586643056,,200
5f7dec,192.168.23.1,GET,http://192.168.23.10/lyra/web/app_dev.php/api/resources/voting-centers/,1586643067,,200
45492b,192.168.23.1,GET,http://192.168.23.10/lyra/web/app_dev.php/api/resources/jrv/,1586643067,,200
60cea5,192.168.23.1,GET,http://192.168.23.10/lyra/web/app_dev.php/api/resources/voting-centers/,1586643081,,200
287b96,192.168.23.1,GET,http://192.168.23.10/lyra/web/app_dev.php/api/resources/jrv/,1586643081,,200
4d6b7c,192.168.23.1,GET,http://192.168.23.10/lyra/web/app_dev.php/api/resources/voting-centers/,1586643183,,200
de387e,192.168.23.1,GET,http://192.168.23.10/lyra/web/app_dev.php/api/resources/jrv/,1586643183,,200
c2aeda,192.168.23.1,GET,http://192.168.23.10/lyra/web/app_dev.php/api/resources/voting-centers/,1586643197,,200
267665,192.168.23.1,GET,http://192.168.23.10/lyra/web/app_dev.php/api/resources/jrv/,1586643197,,200
2b66e8,192.168.23.1,GET,http://192.168.23.10/lyra/web/app_dev.php/api/resources/voting-centers/,1586643210,,200
3b9a12,192.168.23.1,GET,http://192.168.23.10/lyra/web/app_dev.php/api/resources/jrv/,1586643211,,200
c3ed83,192.168.23.1,GET,http://192.168.23.10/lyra/web/app_dev.php/api/resources/voting-centers/,1586643226,,200
9968d5,192.168.23.1,GET,http://192.168.23.10/lyra/web/app_dev.php/api/resources/jrv/,1586643226,,200
e6ee13,192.168.23.1,GET,http://192.168.23.10/lyra/web/app_dev.php/api/resources/voting-centers/,1586643264,,200
490a07,192.168.23.1,GET,http://192.168.23.10/lyra/web/app_dev.php/api/resources/jrv/,1586643264,,200
6b81e7,192.168.23.1,GET,http://192.168.23.10/lyra/web/app_dev.php/api/resources/voting-centers/,1586643276,,200
d6c189,192.168.23.1,GET,http://192.168.23.10/lyra/web/app_dev.php/api/resources/jrv/,1586643276,,200
4372f6,192.168.23.1,GET,http://192.168.23.10/lyra/web/app_dev.php/api/resources/voting-centers/,1586643299,,200
e11ad6,192.168.23.1,GET,http://192.168.23.10/lyra/web/app_dev.php/api/resources/jrv/,1586643299,,200
d76c21,192.168.23.1,GET,http://192.168.23.10/lyra/web/app_dev.php/api/resources/voting-centers/,1586643312,,200
0e31da,192.168.23.1,GET,http://192.168.23.10/lyra/web/app_dev.php/api/resources/jrv/,1586643312,,200
8c738f,192.168.23.1,GET,http://192.168.23.10/lyra/web/app_dev.php/api/resources/voting-centers/,1586643512,,200
4abd07,192.168.23.1,GET,http://192.168.23.10/lyra/web/app_dev.php/api/resources/jrv/,1586643513,,200
16cd48,192.168.23.1,GET,http://192.168.23.10/lyra/web/app_dev.php/api/resources/voting-centers/,1586643532,,200
57abfb,192.168.23.1,GET,http://192.168.23.10/lyra/web/app_dev.php/api/resources/jrv/,1586643533,,200
87f2bf,192.168.23.1,GET,http://192.168.23.10/lyra/web/app_dev.php/api/resources/voting-centers/,1586643559,,200
af3cf5,192.168.23.1,GET,http://192.168.23.10/lyra/web/app_dev.php/api/resources/jrv/,1586643559,,200
1b045c,192.168.23.1,GET,http://192.168.23.10/lyra/web/app_dev.php/api/resources/voting-centers/,1586643600,,200
257ec8,192.168.23.1,GET,http://192.168.23.10/lyra/web/app_dev.php/api/resources/jrv/,1586643600,,200
2ca8b4,192.168.23.1,GET,http://192.168.23.10/lyra/web/app_dev.php/api/resources/voting-centers/,1586643620,,200
9cfe64,192.168.23.1,GET,http://192.168.23.10/lyra/web/app_dev.php/api/resources/jrv/,1586643620,,200
11aad6,192.168.23.1,GET,http://192.168.23.10/lyra/web/app_dev.php/api/resources/voting-centers/,1586643717,,200
81b8bc,192.168.23.1,GET,http://192.168.23.10/lyra/web/app_dev.php/api/resources/jrv/,1586643717,,200
a09bb6,192.168.23.1,GET,http://192.168.23.10/lyra/web/app_dev.php/api/resources/voting-centers/,1586643872,,200
f57728,192.168.23.1,GET,http://192.168.23.10/lyra/web/app_dev.php/api/resources/jrv/,1586643872,,200
c96175,192.168.23.1,GET,http://192.168.23.10/lyra/web/app_dev.php/api/resources/voting-centers/,1586643897,,200
7884f3,192.168.23.1,GET,http://192.168.23.10/lyra/web/app_dev.php/api/resources/jrv/,1586643898,,200
e4bd79,192.168.23.1,GET,http://192.168.23.10/lyra/web/app_dev.php/api/resources/voting-centers/,1586643923,,200
95629f,192.168.23.1,GET,http://192.168.23.10/lyra/web/app_dev.php/api/resources/jrv/,1586643923,,200
2a6f2f,192.168.23.1,GET,http://192.168.23.10/lyra/web/app_dev.php/api/resources/voting-centers/,1586643961,,200
b226ba,192.168.23.1,GET,http://192.168.23.10/lyra/web/app_dev.php/api/resources/jrv/,1586643961,,200
0a106d,192.168.23.1,GET,http://192.168.23.10/lyra/web/app_dev.php/api/resources/voting-centers/,1586643974,,200
0e51bc,192.168.23.1,GET,http://192.168.23.10/lyra/web/app_dev.php/api/resources/jrv/,1586643974,,200
dca964,192.168.23.1,GET,http://192.168.23.10/lyra/web/app_dev.php/api/resources/voting-centers/,1586643989,,200
c67104,192.168.23.1,GET,http://192.168.23.10/lyra/web/app_dev.php/api/resources/jrv/,1586643989,,200
f99ae5,192.168.23.1,GET,http://192.168.23.10/lyra/web/app_dev.php/api/resources/voting-centers/,1586644015,,200
04d6bc,192.168.23.1,GET,http://192.168.23.10/lyra/web/app_dev.php/api/resources/voting-centers/,1586644019,,200
8b3d1b,192.168.23.1,GET,http://192.168.23.10/lyra/web/app_dev.php/api/resources/jrv/,1586644019,,200
6aeba8,192.168.23.1,GET,http://192.168.23.10/lyra/web/app_dev.php/api/resources/jrv/,1586644020,,200
229f3d,192.168.23.1,GET,http://192.168.23.10/lyra/web/app_dev.php/api/resources/voting-centers/,1586644039,,200
033991,192.168.23.1,GET,http://192.168.23.10/lyra/web/app_dev.php/api/resources/jrv/,1586644039,,200
5dcb3c,192.168.23.1,GET,http://192.168.23.10/lyra/web/app_dev.php/api/resources/voting-centers/,1586644059,,200
3538e4,192.168.23.1,GET,http://192.168.23.10/lyra/web/app_dev.php/api/resources/jrv/,1586644059,,200
3a4ca8,192.168.23.1,GET,http://192.168.23.10/lyra/web/app_dev.php/api/resources/voting-centers/,1586650163,,200
122cef,192.168.23.1,GET,http://192.168.23.10/lyra/web/app_dev.php/api/resources/voting-centers/,1586650201,,200
777853,192.168.23.1,GET,http://192.168.23.10/lyra/web/app_dev.php/api/resources/jrv/,1586650202,,200
8b0a4b,192.168.23.1,GET,http://192.168.23.10/lyra/web/app_dev.php/api/resources/voting-centers/,1586650215,,200
542b35,192.168.23.1,GET,http://192.168.23.10/lyra/web/app_dev.php/api/resources/jrv/,1586650215,,200
99db9e,192.168.23.1,GET,http://192.168.23.10/lyra/web/app_dev.php/api/resources/voting-centers/,1586650253,,200
055484,192.168.23.1,GET,http://192.168.23.10/lyra/web/app_dev.php/api/resources/jrv/,1586650253,,200
955b4c,192.168.23.1,GET,http://192.168.23.10/lyra/web/app_dev.php/api/resources/voting-centers/,1586650272,,200
f23fe9,192.168.23.1,GET,http://192.168.23.10/lyra/web/app_dev.php/api/resources/jrv/,1586650272,,200
650a39,192.168.23.1,GET,http://192.168.23.10/lyra/web/app_dev.php/api/resources/voting-centers/,1586650278,,200
14553e,192.168.23.1,GET,http://192.168.23.10/lyra/web/app_dev.php/api/resources/jrv/,1586650278,,200
b163bb,192.168.23.1,GET,http://192.168.23.10/lyra/web/app_dev.php/api/resources/voting-centers/,1586650890,,200
92008c,192.168.23.1,GET,http://192.168.23.10/lyra/web/app_dev.php/api/resources/jrv/,1586650890,,200
13f590,192.168.23.1,GET,http://192.168.23.10/lyra/web/app_dev.php/api/resources/voting-centers/,1586650907,,200
c7dcd0,192.168.23.1,GET,http://192.168.23.10/lyra/web/app_dev.php/api/resources/jrv/,1586650907,,200
948455,192.168.23.1,GET,http://192.168.23.10/lyra/web/app_dev.php/api/resources/voting-centers/,1586650943,,200
2c768a,192.168.23.1,GET,http://192.168.23.10/lyra/web/app_dev.php/api/resources/jrv/,1586650943,,200
4df88f,192.168.23.1,GET,http://192.168.23.10/lyra/web/app_dev.php/api/resources/voting-centers/,1586650963,,200
3412db,192.168.23.1,GET,http://192.168.23.10/lyra/web/app_dev.php/api/resources/jrv/,1586650963,,200
77d96a,192.168.23.1,GET,http://192.168.23.10/lyra/web/app_dev.php/api/resources/voting-centers/,1586651010,,200
7ac712,192.168.23.1,GET,http://192.168.23.10/lyra/web/app_dev.php/api/resources/jrv/,1586651010,,200
b99a99,192.168.23.1,GET,http://192.168.23.10/lyra/web/app_dev.php/api/resources/voting-centers/,1586651049,,200
9943c6,192.168.23.1,GET,http://192.168.23.10/lyra/web/app_dev.php/api/resources/jrv/,1586651049,,200
f6f573,192.168.23.1,GET,http://192.168.23.10/lyra/web/app_dev.php/api/resources/voting-centers/,1586651092,,200
701bf2,192.168.23.1,GET,http://192.168.23.10/lyra/web/app_dev.php/api/resources/jrv/,1586651092,,200
372399,192.168.23.1,GET,http://192.168.23.10/lyra/web/app_dev.php/api/resources/voting-centers/,1586651107,,200
3e5ad9,192.168.23.1,GET,http://192.168.23.10/lyra/web/app_dev.php/api/resources/jrv/,1586651108,,200
21a769,192.168.23.1,GET,http://192.168.23.10/lyra/web/app_dev.php/api/resources/voting-centers/,1586651117,,200
457720,192.168.23.1,GET,http://192.168.23.10/lyra/web/app_dev.php/api/resources/jrv/,1586651117,,200
09eeaf,192.168.23.1,GET,http://192.168.23.10/lyra/web/app_dev.php/api/resources/voting-centers/,1586651147,,200
dec9f0,192.168.23.1,GET,http://192.168.23.10/lyra/web/app_dev.php/api/resources/jrv/,1586651147,,200
7904c6,192.168.23.1,GET,http://192.168.23.10/lyra/web/app_dev.php/api/resources/voting-centers/,1586651151,,200
5afd2e,192.168.23.1,GET,http://192.168.23.10/lyra/web/app_dev.php/api/resources/jrv/,1586651151,,200
97adfe,192.168.23.1,GET,http://192.168.23.10/lyra/web/app_dev.php/api/resources/voting-centers/,1586651155,,200
3bdc95,192.168.23.1,GET,http://192.168.23.10/lyra/web/app_dev.php/api/resources/jrv/,1586651155,,200
bbc7bc,192.168.23.1,GET,http://192.168.23.10/lyra/web/app_dev.php/api/resources/voting-centers/,1586651158,,200
93ffee,192.168.23.1,GET,http://192.168.23.10/lyra/web/app_dev.php/api/resources/jrv/,1586651158,,200
1a8f87,192.168.23.1,GET,http://192.168.23.10/lyra/web/app_dev.php/api/resources/voting-centers/,1586651161,,200
474bf7,192.168.23.1,GET,http://192.168.23.10/lyra/web/app_dev.php/api/resources/jrv/,1586651161,,200
e59226,192.168.23.1,GET,http://192.168.23.10/lyra/web/app_dev.php/api/resources/voting-centers/,1586651174,,200
0e67d7,192.168.23.1,GET,http://192.168.23.10/lyra/web/app_dev.php/api/resources/jrv/,1586651174,,200
ad2317,192.168.23.1,GET,http://192.168.23.10/lyra/web/app_dev.php/api/resources/voting-centers/,1586651214,,200
9c498e,192.168.23.1,GET,http://192.168.23.10/lyra/web/app_dev.php/api/resources/jrv/,1586651214,,200
e259e2,192.168.23.1,GET,http://192.168.23.10/lyra/web/app_dev.php/api/resources/voting-centers/,1586651283,,200
85009f,192.168.23.1,GET,http://192.168.23.10/lyra/web/app_dev.php/api/resources/jrv/,1586651283,,200
166986,192.168.23.1,GET,http://192.168.23.10/lyra/web/app_dev.php/api/resources/voting-centers/,1586651288,,200
67fcfa,192.168.23.1,GET,http://192.168.23.10/lyra/web/app_dev.php/api/resources/jrv/,1586651288,,200
d9265d,192.168.23.1,GET,http://192.168.23.10/lyra/web/app_dev.php/api/resources/voting-centers/,1586651356,,200
4bddaa,192.168.23.1,GET,http://192.168.23.10/lyra/web/app_dev.php/api/resources/jrv/,1586651356,,200
121913,192.168.23.1,GET,http://192.168.23.10/lyra/web/app_dev.php/api/resources/voting-centers/,1586651367,,200
f06783,192.168.23.1,GET,http://192.168.23.10/lyra/web/app_dev.php/api/resources/jrv/,1586651367,,200
e4fec8,192.168.23.1,GET,http://192.168.23.10/lyra/web/app_dev.php/api/resources/voting-centers/,1586651421,,200
097464,192.168.23.1,GET,http://192.168.23.10/lyra/web/app_dev.php/api/resources/jrv/,1586651421,,200
58d02d,192.168.23.1,GET,http://192.168.23.10/lyra/web/app_dev.php/api/resources/voting-centers/,1586651466,,200
d9bf30,192.168.23.1,GET,http://192.168.23.10/lyra/web/app_dev.php/api/resources/jrv/,1586651467,,200
944346,192.168.23.1,GET,http://192.168.23.10/lyra/web/app_dev.php/api/resources/voting-centers/,1586651528,,200
b3a5b5,192.168.23.1,GET,http://192.168.23.10/lyra/web/app_dev.php/api/resources/jrv/,1586651528,,200
45734b,192.168.23.1,GET,http://192.168.23.10/lyra/web/app_dev.php/api/resources/voting-centers/,1586651723,,200
82f369,192.168.23.1,GET,http://192.168.23.10/lyra/web/app_dev.php/api/resources/jrv/,1586651724,,200
6d5cca,192.168.23.1,GET,http://192.168.23.10/lyra/web/app_dev.php/api/resources/voting-centers/,1586651770,,200
3420ed,192.168.23.1,GET,http://192.168.23.10/lyra/web/app_dev.php/api/resources/jrv/,1586651770,,200
d76d5a,192.168.23.1,GET,http://192.168.23.10/lyra/web/app_dev.php/api/resources/voting-centers/,1586651923,,200
c2d043,192.168.23.1,GET,http://192.168.23.10/lyra/web/app_dev.php/api/resources/jrv/,1586651923,,200
63bd78,192.168.23.1,GET,http://192.168.23.10/lyra/web/app_dev.php/api/resources/voting-centers/,1586652040,,200
e4b93a,192.168.23.1,GET,http://192.168.23.10/lyra/web/app_dev.php/api/resources/jrv/,1586652040,,200
19f2b0,192.168.23.1,GET,http://192.168.23.10/lyra/web/app_dev.php/api/resources/voting-centers/,1586652051,,200
926e86,192.168.23.1,GET,http://192.168.23.10/lyra/web/app_dev.php/api/resources/jrv/,1586652052,,200
e0e4f5,192.168.23.1,GET,http://192.168.23.10/lyra/web/app_dev.php/api/resources/voting-centers/,1586652125,,200
02a5a3,192.168.23.1,GET,http://192.168.23.10/lyra/web/app_dev.php/api/resources/jrv/,1586652125,,200
6ccc95,192.168.23.1,GET,http://192.168.23.10/lyra/web/app_dev.php/api/resources/voting-centers/,1586652141,,200
7b1aa5,192.168.23.1,GET,http://192.168.23.10/lyra/web/app_dev.php/api/resources/jrv/,1586652141,,200
8f6660,192.168.23.1,GET,http://192.168.23.10/lyra/web/app_dev.php/api/resources/voting-centers/,1586652148,,200
9131a5,192.168.23.1,GET,http://192.168.23.10/lyra/web/app_dev.php/api/resources/jrv/,1586652148,,200
ae1e86,192.168.23.1,GET,http://192.168.23.10/lyra/web/app_dev.php/api/resources/voting-centers/,1586652154,,200
d0de30,192.168.23.1,GET,http://192.168.23.10/lyra/web/app_dev.php/api/resources/jrv/,1586652154,,200
7316d5,192.168.23.1,GET,http://192.168.23.10/lyra/web/app_dev.php/api/resources/voting-centers/,1586652193,,200
4da5b3,192.168.23.1,GET,http://192.168.23.10/lyra/web/app_dev.php/api/resources/jrv/,1586652193,,200
af721b,192.168.23.1,GET,http://192.168.23.10/lyra/web/app_dev.php/api/resources/voting-centers/,1586652299,,200
766125,192.168.23.1,GET,http://192.168.23.10/lyra/web/app_dev.php/api/resources/jrv/,1586652299,,200
8ac70f,192.168.23.1,GET,http://192.168.23.10/lyra/web/app_dev.php/api/resources/voting-centers/,1586652316,,200
882032,192.168.23.1,GET,http://192.168.23.10/lyra/web/app_dev.php/api/resources/jrv/,1586652316,,200
aabf42,192.168.23.1,GET,http://192.168.23.10/lyra/web/app_dev.php/api/resources/voting-centers/,1586652328,,200
34a882,192.168.23.1,GET,http://192.168.23.10/lyra/web/app_dev.php/api/resources/jrv/,1586652328,,200
5e7d7c,192.168.23.1,GET,http://192.168.23.10/lyra/web/app_dev.php/api/resources/voting-centers/,1586652331,,200
9a0550,192.168.23.1,GET,http://192.168.23.10/lyra/web/app_dev.php/api/resources/jrv/,1586652331,,200
63f797,192.168.23.1,GET,http://192.168.23.10/lyra/web/app_dev.php/api/resources/voting-centers/,1586652344,,200
37e0c9,192.168.23.1,GET,http://192.168.23.10/lyra/web/app_dev.php/api/resources/jrv/,1586652344,,200
54273e,192.168.23.1,GET,http://192.168.23.10/lyra/web/app_dev.php/api/resources/voting-centers/,1586652348,,200
1b8615,192.168.23.1,GET,http://192.168.23.10/lyra/web/app_dev.php/api/resources/jrv/,1586652348,,200
dd34c9,192.168.23.1,GET,http://192.168.23.10/lyra/web/app_dev.php/api/resources/voting-centers/,1586652369,,200
c499b5,192.168.23.1,GET,http://192.168.23.10/lyra/web/app_dev.php/api/resources/jrv/,1586652369,,200
7be8c4,192.168.23.1,GET,http://192.168.23.10/lyra/web/app_dev.php/api/resources/voting-centers/,1586652382,,200
375220,192.168.23.1,GET,http://192.168.23.10/lyra/web/app_dev.php/api/resources/jrv/,1586652383,,200
58346d,192.168.23.1,GET,http://192.168.23.10/lyra/web/app_dev.php/api/resources/voting-centers/,1586652400,,200
ec87e4,192.168.23.1,GET,http://192.168.23.10/lyra/web/app_dev.php/api/resources/jrv/,1586652400,,200
600d29,192.168.23.1,GET,http://192.168.23.10/lyra/web/app_dev.php/api/resources/voting-centers/,1586652404,,200
26a574,192.168.23.1,GET,http://192.168.23.10/lyra/web/app_dev.php/api/resources/jrv/,1586652404,,200
f9877c,192.168.23.1,GET,http://192.168.23.10/lyra/web/app_dev.php/api/resources/voting-centers/,1586652410,,200
059602,192.168.23.1,GET,http://192.168.23.10/lyra/web/app_dev.php/api/resources/jrv/,1586652410,,200
24cd0e,192.168.23.1,GET,http://192.168.23.10/lyra/web/app_dev.php/api/resources/voting-centers/,1586652423,,200
b8e052,192.168.23.1,GET,http://192.168.23.10/lyra/web/app_dev.php/api/resources/jrv/,1586652423,,200
7e1777,192.168.23.1,GET,http://192.168.23.10/lyra/web/app_dev.php/api/resources/voting-centers/,1586652434,,200
eec74f,192.168.23.1,GET,http://192.168.23.10/lyra/web/app_dev.php/api/resources/jrv/,1586652434,,200
88920e,192.168.23.1,GET,http://192.168.23.10/lyra/web/app_dev.php/api/resources/voting-centers/,1586652447,,200
2ce9fb,192.168.23.1,GET,http://192.168.23.10/lyra/web/app_dev.php/api/resources/jrv/,1586652447,,200
85e590,192.168.23.1,GET,http://192.168.23.10/lyra/web/app_dev.php/api/resources/voting-centers/,1586652456,,200
8302b7,192.168.23.1,GET,http://192.168.23.10/lyra/web/app_dev.php/api/resources/jrv/,1586652456,,200
177c59,192.168.23.1,GET,http://192.168.23.10/lyra/web/app_dev.php/api/resources/voting-centers/,1586652459,,200
4f91d0,192.168.23.1,GET,http://192.168.23.10/lyra/web/app_dev.php/api/resources/jrv/,1586652459,,200
3ab465,192.168.23.1,GET,http://192.168.23.10/lyra/web/app_dev.php/api/resources/voting-centers/,1586652479,,200
0dbbf6,192.168.23.1,GET,http://192.168.23.10/lyra/web/app_dev.php/api/resources/jrv/,1586652479,,200
9f2769,192.168.23.1,GET,http://192.168.23.10/lyra/web/app_dev.php/api/resources/voting-centers/,1586652489,,200
e17cc3,192.168.23.1,GET,http://192.168.23.10/lyra/web/app_dev.php/api/resources/jrv/,1586652489,,200
5d025f,192.168.23.1,GET,http://192.168.23.10/lyra/web/app_dev.php/api/resources/voting-centers/,1586652492,,200
0961d1,192.168.23.1,GET,http://192.168.23.10/lyra/web/app_dev.php/api/resources/jrv/,1586652492,,200
3e3d3d,192.168.23.1,GET,http://192.168.23.10/lyra/web/app_dev.php/api/resources/voting-centers/,1586652496,,200
7d1a7e,192.168.23.1,GET,http://192.168.23.10/lyra/web/app_dev.php/api/resources/jrv/,1586652496,,200
b15116,192.168.23.1,GET,http://192.168.23.10/lyra/web/app_dev.php/api/resources/voting-centers/,1586652499,,200
5d00fe,192.168.23.1,GET,http://192.168.23.10/lyra/web/app_dev.php/api/resources/jrv/,1586652499,,200
4d2fcd,192.168.23.1,GET,http://192.168.23.10/lyra/web/app_dev.php/api/resources/voting-centers/,1586652502,,200
b60848,192.168.23.1,GET,http://192.168.23.10/lyra/web/app_dev.php/api/resources/jrv/,1586652502,,200
1138cd,192.168.23.1,GET,http://192.168.23.10/lyra/web/app_dev.php/api/resources/voting-centers/,1586652563,,200
e150ce,192.168.23.1,GET,http://192.168.23.10/lyra/web/app_dev.php/api/resources/jrv/,1586652563,,200
2192eb,192.168.23.1,GET,http://192.168.23.10/lyra/web/app_dev.php/api/resources/voting-centers/,1586652568,,200
dcc111,192.168.23.1,GET,http://192.168.23.10/lyra/web/app_dev.php/api/resources/jrv/,1586652568,,200
ba3e6d,192.168.23.1,GET,http://192.168.23.10/lyra/web/app_dev.php/api/resources/voting-centers/,1586652574,,200
38dcfa,192.168.23.1,GET,http://192.168.23.10/lyra/web/app_dev.php/api/resources/jrv/,1586652574,,200
14cb7f,192.168.23.1,GET,http://192.168.23.10/lyra/web/app_dev.php/api/resources/voting-centers/,1586652577,,200
617ef1,192.168.23.1,GET,http://192.168.23.10/lyra/web/app_dev.php/api/resources/jrv/,1586652577,,200
bb695f,192.168.23.1,GET,http://192.168.23.10/lyra/web/app_dev.php/api/resources/voting-centers/,1586652582,,200
3a552f,192.168.23.1,GET,http://192.168.23.10/lyra/web/app_dev.php/api/resources/jrv/,1586652582,,200
8781f8,192.168.23.1,GET,http://192.168.23.10/lyra/web/app_dev.php/api/resources/voting-centers/,1586652598,,200
c4d58e,192.168.23.1,GET,http://192.168.23.10/lyra/web/app_dev.php/api/resources/jrv/,1586652598,,200
4bd912,192.168.23.1,GET,http://192.168.23.10/lyra/web/app_dev.php/api/resources/voting-centers/,1586652602,,200
8f5d13,192.168.23.1,GET,http://192.168.23.10/lyra/web/app_dev.php/api/resources/jrv/,1586652602,,200
bf8e20,192.168.23.1,GET,http://192.168.23.10/lyra/web/app_dev.php/api/resources/voting-centers/,1586652960,,200
f0af51,192.168.23.1,GET,http://192.168.23.10/lyra/web/app_dev.php/api/resources/jrv/,1586652960,,200
817d2c,192.168.23.1,GET,http://192.168.23.10/lyra/web/app_dev.php/api/resources/voting-centers/,1586652969,,200
a2f26c,192.168.23.1,GET,http://192.168.23.10/lyra/web/app_dev.php/api/resources/jrv/,1586652969,,200
f72d9c,192.168.23.1,GET,http://192.168.23.10/lyra/web/app_dev.php/api/resources/voting-centers/,1586652973,,200
7339f5,192.168.23.1,GET,http://192.168.23.10/lyra/web/app_dev.php/api/resources/jrv/,1586652974,,200
be4579,192.168.23.1,GET,http://192.168.23.10/lyra/web/app_dev.php/api/resources/voting-centers/,1586652988,,200
52fc4b,192.168.23.1,GET,http://192.168.23.10/lyra/web/app_dev.php/api/resources/jrv/,1586652988,,200
1f2f5c,192.168.23.1,GET,http://192.168.23.10/lyra/web/app_dev.php/api/resources/voting-centers/,1586652998,,200
892017,192.168.23.1,GET,http://192.168.23.10/lyra/web/app_dev.php/api/resources/jrv/,1586652998,,200
22df06,192.168.23.1,GET,http://192.168.23.10/lyra/web/app_dev.php/api/resources/voting-centers/,1586653025,,200
791012,192.168.23.1,GET,http://192.168.23.10/lyra/web/app_dev.php/api/resources/jrv/,1586653025,,200
542207,192.168.23.1,GET,http://192.168.23.10/lyra/web/app_dev.php/api/resources/voting-centers/,1586653052,,200
155516,192.168.23.1,GET,http://192.168.23.10/lyra/web/app_dev.php/api/resources/jrv/,1586653052,,200
aa4629,192.168.23.1,GET,http://192.168.23.10/lyra/web/app_dev.php/api/resources/voting-centers/,1586653055,,200
c5b335,192.168.23.1,GET,http://192.168.23.10/lyra/web/app_dev.php/api/resources/jrv/,1586653055,,200
2e7551,192.168.23.1,GET,http://192.168.23.10/lyra/web/app_dev.php/api/resources/voting-centers/,1586653064,,200
7042c6,192.168.23.1,GET,http://192.168.23.10/lyra/web/app_dev.php/api/resources/jrv/,1586653064,,200
ab33c2,192.168.23.1,GET,http://192.168.23.10/lyra/web/app_dev.php/api/resources/voting-centers/,1586661017,,200
e43bd0,192.168.23.1,GET,http://192.168.23.10/lyra/web/app_dev.php/api/resources/jrv/,1586661017,,200
de8ea5,192.168.23.1,GET,http://192.168.23.10/lyra/web/app_dev.php/api/resources/voting-centers/,1586661332,,200
514105,192.168.23.1,GET,http://192.168.23.10/lyra/web/app_dev.php/api/resources/jrv/,1586661332,,200
dcc7bc,192.168.23.1,GET,http://192.168.23.10/lyra/web/app_dev.php/api/resources/voting-centers/,1586661337,,200
20b75a,192.168.23.1,GET,http://192.168.23.10/lyra/web/app_dev.php/api/resources/jrv/,1586661337,,200
8013ce,192.168.23.1,GET,http://192.168.23.10/lyra/web/app_dev.php/api/resources/voting-centers/,1586661346,,200
c0762c,192.168.23.1,GET,http://192.168.23.10/lyra/web/app_dev.php/api/resources/jrv/,1586661346,,200
f01ae5,192.168.23.1,GET,http://192.168.23.10/lyra/web/app_dev.php/api/resources/voting-centers/,1586661478,,200
3cf4b6,192.168.23.1,GET,http://192.168.23.10/lyra/web/app_dev.php/api/resources/jrv/,1586661478,,200
f99734,192.168.23.1,GET,http://192.168.23.10/lyra/web/app_dev.php/api/resources/voting-centers/,1586661520,,200
1a3b38,192.168.23.1,GET,http://192.168.23.10/lyra/web/app_dev.php/api/resources/jrv/,1586661520,,200
1f464a,192.168.23.1,GET,http://192.168.23.10/lyra/web/app_dev.php/api/resources/voting-centers/,1586661544,,200
bc35e8,192.168.23.1,GET,http://192.168.23.10/lyra/web/app_dev.php/api/resources/jrv/,1586661544,,200
5dbc7e,192.168.23.1,GET,http://192.168.23.10/lyra/web/app_dev.php/api/resources/voting-centers/,1586661548,,200
1ec54c,192.168.23.1,GET,http://192.168.23.10/lyra/web/app_dev.php/api/resources/jrv/,1586661548,,200
7f9662,192.168.23.1,GET,http://192.168.23.10/lyra/web/app_dev.php/api/resources/voting-centers/,1586661552,,200
4079c5,192.168.23.1,GET,http://192.168.23.10/lyra/web/app_dev.php/api/resources/jrv/,1586661552,,200
5eb692,192.168.23.1,GET,http://192.168.23.10/lyra/web/app_dev.php/api/resources/voting-centers/,1586661555,,200
26108f,192.168.23.1,GET,http://192.168.23.10/lyra/web/app_dev.php/api/resources/jrv/,1586661555,,200
138da9,192.168.23.1,GET,http://192.168.23.10/lyra/web/app_dev.php/api/resources/voting-centers/,1586661559,,200
1e113f,192.168.23.1,GET,http://192.168.23.10/lyra/web/app_dev.php/api/resources/jrv/,1586661559,,200
c0a68e,192.168.23.1,GET,http://192.168.23.10/lyra/web/app_dev.php/api/resources/voting-centers/,1586661562,,200
56223b,192.168.23.1,GET,http://192.168.23.10/lyra/web/app_dev.php/api/resources/jrv/,1586661562,,200
3b8ca7,192.168.23.1,GET,http://192.168.23.10/lyra/web/app_dev.php/api/resources/voting-centers/,1586661634,,200
86eb0e,192.168.23.1,GET,http://192.168.23.10/lyra/web/app_dev.php/api/resources/jrv/,1586661634,,200
930ada,192.168.23.1,GET,http://192.168.23.10/lyra/web/app_dev.php/api/resources/voting-centers/,1586661646,,200
3b3173,192.168.23.1,GET,http://192.168.23.10/lyra/web/app_dev.php/api/resources/jrv/,1586661646,,200
d859e6,192.168.23.1,GET,http://192.168.23.10/lyra/web/app_dev.php/api/resources/voting-centers/,1586661656,,200
fcdc78,192.168.23.1,GET,http://192.168.23.10/lyra/web/app_dev.php/api/resources/jrv/,1586661656,,200
9b20ef,192.168.23.1,GET,http://192.168.23.10/lyra/web/app_dev.php/api/resources/voting-centers/,1586661661,,200
683f6a,192.168.23.1,GET,http://192.168.23.10/lyra/web/app_dev.php/api/resources/jrv/,1586661661,,200
898399,192.168.23.1,GET,http://192.168.23.10/lyra/web/app_dev.php/api/resources/voting-centers/,1586661710,f50b7c,200
f50b7c,192.168.23.1,GET,http://192.168.23.10/lyra/web/app_dev.php/api/resources/voting-centers/,1586661710,,500
8725ee,192.168.23.1,GET,http://192.168.23.10/lyra/web/app_dev.php/api/resources/voting-centers/,1586661730,,200
7dd6ca,192.168.23.1,GET,http://192.168.23.10/lyra/web/app_dev.php/api/resources/jrv/,1586661730,,200
0c8702,192.168.23.1,GET,http://192.168.23.10/lyra/web/app_dev.php/api/resources/voting-centers/,1586661784,,200
61092b,192.168.23.1,GET,http://192.168.23.10/lyra/web/app_dev.php/api/resources/jrv/,1586661784,,200
a276c6,192.168.23.1,GET,http://192.168.23.10/lyra/web/app_dev.php/api/resources/voting-centers/,1586661818,,200
ed9549,192.168.23.1,GET,http://192.168.23.10/lyra/web/app_dev.php/api/resources/jrv/,1586661818,,200
c5fb7d,192.168.23.1,GET,http://192.168.23.10/lyra/web/app_dev.php/api/resources/voting-centers/,1586661834,,200
9876ee,192.168.23.1,GET,http://192.168.23.10/lyra/web/app_dev.php/api/resources/jrv/,1586661834,,200
aae14e,192.168.23.1,GET,http://192.168.23.10/lyra/web/app_dev.php/api/resources/voting-centers/,1586661838,,200
aafe43,192.168.23.1,GET,http://192.168.23.10/lyra/web/app_dev.php/api/resources/jrv/,1586661838,,200
f1ca9f,192.168.23.1,GET,http://192.168.23.10/lyra/web/app_dev.php/api/resources/voting-centers/,1586661841,,200
3589ba,192.168.23.1,GET,http://192.168.23.10/lyra/web/app_dev.php/api/resources/jrv/,1586661841,,200
ac5cc5,192.168.23.1,GET,http://192.168.23.10/lyra/web/app_dev.php/api/resources/voting-centers/,1586661910,,200
2344fb,192.168.23.1,GET,http://192.168.23.10/lyra/web/app_dev.php/api/resources/jrv/,1586661911,,200
15e328,192.168.23.1,GET,http://192.168.23.10/lyra/web/app_dev.php/api/resources/voting-centers/,1586662595,,200
2bd7fc,192.168.23.1,GET,http://192.168.23.10/lyra/web/app_dev.php/api/resources/jrv/,1586662595,,200
9346a7,192.168.23.1,GET,http://192.168.23.10/lyra/web/app_dev.php/api/resources/voting-centers/,1586662604,,200
c575d7,192.168.23.1,GET,http://192.168.23.10/lyra/web/app_dev.php/api/resources/jrv/,1586662604,,200
9755eb,192.168.23.1,GET,http://192.168.23.10/lyra/web/app_dev.php/api/resources/voting-centers/,1586662635,,200
d0c089,192.168.23.1,GET,http://192.168.23.10/lyra/web/app_dev.php/api/resources/jrv/,1586662635,,200
c84feb,192.168.23.1,GET,http://192.168.23.10/lyra/web/app_dev.php/api/resources/voting-centers/,1586662658,,200
1c19b3,192.168.23.1,GET,http://192.168.23.10/lyra/web/app_dev.php/api/resources/jrv/,1586662658,,200
1c88d4,192.168.23.1,GET,http://192.168.23.10/lyra/web/app_dev.php/api/resources/voting-centers/,1586662662,,200
f7d953,192.168.23.1,GET,http://192.168.23.10/lyra/web/app_dev.php/api/resources/jrv/,1586662663,,200
5e7610,192.168.23.1,GET,http://192.168.23.10/lyra/web/app_dev.php/api/resources/voting-centers/,1586662666,,200
cd6d67,192.168.23.1,GET,http://192.168.23.10/lyra/web/app_dev.php/api/resources/jrv/,1586662666,,200
60ad9e,192.168.23.1,GET,http://192.168.23.10/lyra/web/app_dev.php/api/resources/voting-centers/,1586662929,,200
7d507d,192.168.23.1,GET,http://192.168.23.10/lyra/web/app_dev.php/api/resources/jrv/,1586662929,,200
e6751f,192.168.23.1,GET,http://192.168.23.10/lyra/web/app_dev.php/api/resources/voting-centers/,1586662933,,200
3373c7,192.168.23.1,GET,http://192.168.23.10/lyra/web/app_dev.php/api/resources/jrv/,1586662933,,200
81f19c,192.168.23.1,GET,http://192.168.23.10/lyra/web/app_dev.php/api/resources/voting-centers/,1586663051,,200
3baec6,192.168.23.1,GET,http://192.168.23.10/lyra/web/app_dev.php/api/resources/jrv/,1586663051,,200
7f1d7b,192.168.23.1,GET,http://192.168.23.10/lyra/web/app_dev.php/api/resources/voting-centers/,1586663240,,200
2cdc3a,192.168.23.1,GET,http://192.168.23.10/lyra/web/app_dev.php/api/resources/jrv/,1586663240,,200
8565a6,192.168.23.1,GET,http://192.168.23.10/lyra/web/app_dev.php/api/resources/voting-centers/,1586663246,,200
eeb119,192.168.23.1,GET,http://192.168.23.10/lyra/web/app_dev.php/api/resources/jrv/,1586663246,,200
71c72c,192.168.23.1,GET,http://192.168.23.10/lyra/web/app_dev.php/api/resources/voting-centers/,1586663258,,200
520428,192.168.23.1,GET,http://192.168.23.10/lyra/web/app_dev.php/api/resources/jrv/,1586663258,,200
fb6563,192.168.23.1,GET,http://192.168.23.10/lyra/web/app_dev.php/api/resources/voting-centers/,1586663364,,200
bea974,192.168.23.1,GET,http://192.168.23.10/lyra/web/app_dev.php/api/resources/jrv/,1586663365,,200
16994e,192.168.23.1,GET,http://192.168.23.10/lyra/web/app_dev.php/api/resources/voting-centers/,1586663368,,200
40a3f3,192.168.23.1,GET,http://192.168.23.10/lyra/web/app_dev.php/api/resources/jrv/,1586663368,,200
737e0c,192.168.23.1,GET,http://192.168.23.10/lyra/web/app_dev.php/api/resources/voting-centers/,1586663372,,200
6eb8aa,192.168.23.1,GET,http://192.168.23.10/lyra/web/app_dev.php/api/resources/jrv/,1586663372,,200
ade051,192.168.23.1,GET,http://192.168.23.10/lyra/web/app_dev.php/api/resources/voting-centers/,1586663560,,200
d505db,192.168.23.1,GET,http://192.168.23.10/lyra/web/app_dev.php/api/resources/jrv/,1586663560,,200
ab888d,192.168.23.1,GET,http://192.168.23.10/lyra/web/app_dev.php/api/resources/voting-centers/,1586719440,,200
211e59,192.168.23.1,GET,http://192.168.23.10/lyra/web/app_dev.php/api/resources/jrv/,1586719445,,200
882e3d,192.168.23.1,GET,http://192.168.23.10/lyra/web/app_dev.php/api/resources/voting-centers/,1586719477,,200
56f563,192.168.23.1,GET,http://192.168.23.10/lyra/web/app_dev.php/api/resources/jrv/,1586719477,,200
b9904b,192.168.23.1,GET,http://192.168.23.10/lyra/web/app_dev.php/api/resources/voting-centers/,1586719482,,200
19c0e0,192.168.23.1,GET,http://192.168.23.10/lyra/web/app_dev.php/api/resources/jrv/,1586719482,,200
df7a02,192.168.23.1,GET,http://192.168.23.10/lyra/web/app_dev.php/api/resources/voting-centers/,1586719856,,200
6002d0,192.168.23.1,GET,http://192.168.23.10/lyra/web/app_dev.php/api/resources/jrv/,1586719856,,200
0fb67f,192.168.23.1,GET,http://192.168.23.10/lyra/web/app_dev.php/api/resources/voting-centers/,1586727788,,200
97c6b0,192.168.23.1,GET,http://192.168.23.10/lyra/web/app_dev.php/api/resources/jrv/,1586727796,,200
c2d28f,192.168.23.1,GET,http://192.168.23.10/lyra/web/app_dev.php/api/resources/save-results/,1586727848,acc931,200
acc931,192.168.23.1,POST,http://192.168.23.10/lyra/web/app_dev.php/api/resources/save-results/,1586727848,,500
22649f,192.168.23.1,GET,http://192.168.23.10/lyra/web/app_dev.php/api/resources/save-results/,1586727880,c146c8,200
c146c8,192.168.23.1,POST,http://192.168.23.10/lyra/web/app_dev.php/api/resources/save-results/,1586727880,,500
f1dd38,192.168.23.1,GET,http://192.168.23.10/lyra/web/app_dev.php/api/resources/save-results/,1586727910,412d50,200
412d50,192.168.23.1,POST,http://192.168.23.10/lyra/web/app_dev.php/api/resources/save-results/,1586727910,,500
69396c,192.168.23.1,GET,http://192.168.23.10/lyra/web/app_dev.php/api/resources/voting-centers/,1586727993,,200
cfdd42,192.168.23.1,GET,http://192.168.23.10/lyra/web/app_dev.php/api/resources/jrv/,1586727993,,200
d044f2,192.168.23.1,GET,http://192.168.23.10/lyra/web/app_dev.php/api/resources/save-results/,1586728018,16a229,200
16a229,192.168.23.1,POST,http://192.168.23.10/lyra/web/app_dev.php/api/resources/save-results/,1586728018,,500
107018,192.168.23.1,GET,http://192.168.23.10/lyra/web/app_dev.php/api/resources/save-results/,1586728039,4e9ff4,200
4e9ff4,192.168.23.1,POST,http://192.168.23.10/lyra/web/app_dev.php/api/resources/save-results/,1586728039,,500
83e800,192.168.23.1,GET,http://192.168.23.10/lyra/web/app_dev.php/api/resources/save-results/,1586728046,98bfc7,200
98bfc7,192.168.23.1,POST,http://192.168.23.10/lyra/web/app_dev.php/api/resources/save-results/,1586728046,,500
ec2830,192.168.23.1,GET,http://192.168.23.10/lyra/web/app_dev.php/api/resources/voting-centers/,1586728361,,200
7210bf,192.168.23.1,GET,http://192.168.23.10/lyra/web/app_dev.php/api/resources/jrv/,1586728361,,200
944e31,192.168.23.1,GET,http://192.168.23.10/lyra/web/app_dev.php/api/resources/save-results/,1586728382,dea294,200
dea294,192.168.23.1,POST,http://192.168.23.10/lyra/web/app_dev.php/api/resources/save-results/,1586728382,,500
96aedc,192.168.23.1,GET,http://192.168.23.10/lyra/web/app_dev.php/api/resources/voting-centers/,1586728491,,200
2f8a3b,192.168.23.1,GET,http://192.168.23.10/lyra/web/app_dev.php/api/resources/jrv/,1586728491,,200
17701a,192.168.23.1,GET,http://192.168.23.10/lyra/web/app_dev.php/api/resources/save-results/,1586728507,e1d643,200
e1d643,192.168.23.1,POST,http://192.168.23.10/lyra/web/app_dev.php/api/resources/save-results/,1586728507,,500
5af8fb,192.168.23.1,GET,http://192.168.23.10/lyra/web/app_dev.php/api/resources/save-results/,1586728510,2109f4,200
2109f4,192.168.23.1,POST,http://192.168.23.10/lyra/web/app_dev.php/api/resources/save-results/,1586728510,,500
d720bc,192.168.23.1,GET,http://192.168.23.10/lyra/web/app_dev.php/api/resources/save-results/,1586728511,2516b7,200
2516b7,192.168.23.1,POST,http://192.168.23.10/lyra/web/app_dev.php/api/resources/save-results/,1586728511,,500
751480,192.168.23.1,GET,http://192.168.23.10/lyra/web/app_dev.php/api/resources/save-results/,1586728514,5df1f4,200
c3365b,192.168.23.1,GET,http://192.168.23.10/lyra/web/app_dev.php/api/resources/save-results/,1586728514,89cefe,200
89cefe,192.168.23.1,POST,http://192.168.23.10/lyra/web/app_dev.php/api/resources/save-results/,1586728514,,500
5df1f4,192.168.23.1,POST,http://192.168.23.10/lyra/web/app_dev.php/api/resources/save-results/,1586728514,,500
8ebf6d,192.168.23.1,GET,http://192.168.23.10/lyra/web/app_dev.php/api/resources/save-results/,1586728517,2b907b,200
2b907b,192.168.23.1,POST,http://192.168.23.10/lyra/web/app_dev.php/api/resources/save-results/,1586728517,,500
0ac0a4,192.168.23.1,GET,http://192.168.23.10/lyra/web/app_dev.php/api/resources/save-results/,1586728519,3611da,200
3611da,192.168.23.1,POST,http://192.168.23.10/lyra/web/app_dev.php/api/resources/save-results/,1586728519,,500
3c0cb7,192.168.23.1,GET,http://192.168.23.10/lyra/web/app_dev.php/api/resources/voting-centers/,1586728572,,200
8e3955,192.168.23.1,GET,http://192.168.23.10/lyra/web/app_dev.php/api/resources/jrv/,1586728572,,200
a4f314,192.168.23.1,GET,http://192.168.23.10/lyra/web/app_dev.php/api/resources/save-results/,1586728592,25ca19,200
25ca19,192.168.23.1,POST,http://192.168.23.10/lyra/web/app_dev.php/api/resources/save-results/,1586728592,,500
66760d,192.168.23.1,GET,http://192.168.23.10/lyra/web/app_dev.php/api/resources/voting-centers/,1586728704,,200
740f6b,192.168.23.1,GET,http://192.168.23.10/lyra/web/app_dev.php/api/resources/jrv/,1586728704,,200
eb9106,192.168.23.1,POST,http://192.168.23.10/lyra/web/app_dev.php/api/resources/save-results/,1586728730,,200
677b83,192.168.23.1,GET,http://192.168.23.10/lyra/web/app_dev.php/api/resources/voting-centers/,1586729569,,200
ee8ba7,192.168.23.1,GET,http://192.168.23.10/lyra/web/app_dev.php/api/resources/jrv/,1586729569,,200
602f83,192.168.23.1,POST,http://192.168.23.10/lyra/web/app_dev.php/api/resources/save-results/,1586729599,,200
7e5efe,192.168.23.1,GET,http://192.168.23.10/lyra/web/app_dev.php/api/resources/voting-centers/,1586730263,,200
bcb366,192.168.23.1,GET,http://192.168.23.10/lyra/web/app_dev.php/api/resources/jrv/,1586730263,,200
23a6fc,192.168.23.1,POST,http://192.168.23.10/lyra/web/app_dev.php/api/resources/save-results/,1586730462,,200
378aab,192.168.23.1,GET,http://192.168.23.10/lyra/web/app_dev.php/api/resources/voting-centers/,1586730885,,200
48e566,192.168.23.1,GET,http://192.168.23.10/lyra/web/app_dev.php/api/resources/jrv/,1586730885,,200
61f5b5,192.168.23.1,POST,http://192.168.23.10/lyra/web/app_dev.php/api/resources/save-results/,1586730946,,200
6e31df,192.168.23.1,GET,http://192.168.23.10/lyra/web/app_dev.php/api/resources/voting-centers/,1586731784,,200
94903e,192.168.23.1,GET,http://192.168.23.10/lyra/web/app_dev.php/api/resources/jrv/,1586731789,,200
f7d5a2,192.168.23.1,POST,http://192.168.23.10/lyra/web/app_dev.php/api/resources/save-results/,1586731835,,200
dd44b3,192.168.23.1,GET,http://192.168.23.10/lyra/web/app_dev.php/api/resources/voting-centers/,1586732506,,200
9de1cb,192.168.23.1,GET,http://192.168.23.10/lyra/web/app_dev.php/api/resources/jrv/,1586732506,,200
63ab76,192.168.23.1,POST,http://192.168.23.10/lyra/web/app_dev.php/api/resources/save-results/,1586732585,,200
aded4e,192.168.23.1,GET,http://192.168.23.10/lyra/web/app_dev.php/api/resources/voting-centers/,1586732599,,200
89358f,192.168.23.1,GET,http://192.168.23.10/lyra/web/app_dev.php/api/resources/jrv/,1586732599,,200
945db5,192.168.23.1,POST,http://192.168.23.10/lyra/web/app_dev.php/api/resources/save-results/,1586732652,,200
35564b,192.168.23.1,GET,http://192.168.23.10/lyra/web/app_dev.php/api/resources/voting-centers/,1586732744,,200
46cd74,192.168.23.1,GET,http://192.168.23.10/lyra/web/app_dev.php/api/resources/jrv/,1586732744,,200
9d18ed,192.168.23.1,GET,http://192.168.23.10/lyra/web/app_dev.php/api/resources/voting-centers/,1586732759,,200
c09fb4,192.168.23.1,GET,http://192.168.23.10/lyra/web/app_dev.php/api/resources/jrv/,1586732759,,200
6d3aa6,192.168.23.1,GET,http://192.168.23.10/lyra/web/app_dev.php/api/resources/voting-centers/,1586732763,,200
e9ac8e,192.168.23.1,GET,http://192.168.23.10/lyra/web/app_dev.php/api/resources/jrv/,1586732763,,200
09986e,192.168.23.1,GET,http://192.168.23.10/lyra/web/app_dev.php/api/resources/voting-centers/,1586732767,,200
9201c2,192.168.23.1,GET,http://192.168.23.10/lyra/web/app_dev.php/api/resources/jrv/,1586732767,,200
081acb,192.168.23.1,GET,http://192.168.23.10/lyra/web/app_dev.php/api/resources/reports/my-submissions/,1586786464,,200
d451ec,192.168.23.1,GET,http://192.168.23.10/lyra/web/app_dev.php/api/resources/reports/my-submissions/,1586786471,,200
2ad576,192.168.23.1,GET,http://192.168.23.10/lyra/web/app_dev.php/api/resources/reports/my-submissions/,1586786479,,200
d20e19,192.168.23.1,GET,http://192.168.23.10/lyra/web/app_dev.php/api/resources/reports/my-submissions/,1586786534,,200
521637,192.168.23.1,GET,http://192.168.23.10/lyra/web/app_dev.php/api/resources/reports/my-submissions/,1586786538,,200
779f9a,192.168.23.1,GET,http://192.168.23.10/lyra/web/app_dev.php/api/resources/reports/my-submissions/,1586786558,,200
1a1a15,192.168.23.1,GET,http://192.168.23.10/lyra/web/app_dev.php/api/resources/reports/my-submissions/,1586786562,,200
f7458b,192.168.23.1,GET,http://192.168.23.10/lyra/web/app_dev.php/api/resources/reports/my-submissions/,1586786591,848ef8,200
848ef8,192.168.23.1,GET,http://192.168.23.10/lyra/web/app_dev.php/api/resources/reports/my-submissions/,1586786591,,500
bd43c7,192.168.23.1,GET,http://192.168.23.10/lyra/web/app_dev.php/api/resources/reports/my-submissions/,1586786628,,200
8b7fdb,192.168.23.1,GET,http://192.168.23.10/lyra/web/app_dev.php/api/resources/reports/my-submissions/,1586786685,,200
07c6b9,192.168.23.1,GET,http://192.168.23.10/lyra/web/app_dev.php/api/resources/reports/my-submissions/,1586786755,,200
7241b5,192.168.23.1,GET,http://192.168.23.10/lyra/web/app_dev.php/api/resources/reports/my-submissions/,1586786792,,200
28c967,192.168.23.1,GET,http://192.168.23.10/lyra/web/app_dev.php/api/resources/reports/my-submissions/,1586786802,,200
12903b,192.168.23.1,GET,http://192.168.23.10/lyra/web/app_dev.php/api/resources/reports/my-submissions/,1586786806,,200
54a3a9,192.168.23.1,GET,http://192.168.23.10/lyra/web/app_dev.php/api/resources/reports/my-submissions/,1586786828,,200
e02ecf,192.168.23.1,GET,http://192.168.23.10/lyra/web/app_dev.php/api/resources/reports/my-submissions/,1586786863,,200
b67308,192.168.23.1,GET,http://192.168.23.10/lyra/web/app_dev.php/api/resources/reports/my-submissions/,1586787120,,200
342d43,192.168.23.1,GET,http://192.168.23.10/lyra/web/app_dev.php/api/resources/voting-centers/,1586796663,,200
cfb1a5,192.168.23.1,GET,http://192.168.23.10/lyra/web/app_dev.php/api/resources/jrv/,1586796669,,200
827eb4,192.168.23.1,GET,http://192.168.23.10/lyra/web/app_dev.php/api/resources/reports/my-submissions/,1586797063,,200
376e3e,192.168.23.1,GET,http://192.168.23.10/lyra/web/app_dev.php/api/resources/reports/my-submissions/,1586799413,,200
7fdb68,192.168.23.1,GET,http://192.168.23.10/lyra/web/app_dev.php/api/resources/reports/my-submissions/,1586799427,,200
db2fce,192.168.23.1,GET,http://192.168.23.10/lyra/web/app_dev.php/api/resources/reports/my-submissions/,1586799498,,200
a8142c,192.168.23.1,POST,http://192.168.23.10/lyra/web/app_dev.php/api/resources/reports/my-submissions/,1586799550,,200
5fb0f2,192.168.23.1,POST,http://192.168.23.10/lyra/web/app_dev.php/api/resources/reports/my-submissions/,1586799774,,200
1c1440,192.168.23.1,POST,http://192.168.23.10/lyra/web/app_dev.php/api/resources/reports/my-submissions/,1586799778,,200
db9db2,192.168.23.1,POST,http://192.168.23.10/lyra/web/app_dev.php/api/resources/reports/my-submissions/,1586800539,,200
81a9ac,192.168.23.1,POST,http://192.168.23.10/lyra/web/app_dev.php/api/resources/reports/my-submissions/,1586800589,,200
832815,192.168.23.1,POST,http://192.168.23.10/lyra/web/app_dev.php/api/resources/reports/my-submissions/,1586800635,,200
378fb7,192.168.23.1,GET,http://192.168.23.10/lyra/web/app_dev.php/api/resources/reports/my-submissions/,1586800714,,200
ad4099,192.168.23.1,POST,http://192.168.23.10/lyra/web/app_dev.php/api/resources/reports/my-submissions/,1586800846,,200
185e81,192.168.23.1,POST,http://192.168.23.10/lyra/web/app_dev.php/api/resources/reports/my-submissions/,1586800882,,200
0eaa6a,192.168.23.1,POST,http://192.168.23.10/lyra/web/app_dev.php/api/resources/reports/my-submissions/,1586800927,,200
fe5cee,192.168.23.1,POST,http://192.168.23.10/lyra/web/app_dev.php/api/resources/reports/my-submissions/,1586801263,,200
5826d5,192.168.23.1,POST,http://192.168.23.10/lyra/web/app_dev.php/api/resources/reports/my-submissions/,1586801303,,200
3f6fe0,192.168.23.1,POST,http://192.168.23.10/lyra/web/app_dev.php/api/resources/reports/my-submissions/,1586801314,,200
22bdb6,192.168.23.1,POST,http://192.168.23.10/lyra/web/app_dev.php/api/resources/reports/my-submissions/,1586801318,,200
5903a5,192.168.23.1,POST,http://192.168.23.10/lyra/web/app_dev.php/api/resources/reports/my-submissions/,1586801394,,200
b4ea86,192.168.23.1,POST,http://192.168.23.10/lyra/web/app_dev.php/api/resources/reports/my-submissions/,1586801466,,200
689fcf,192.168.23.1,POST,http://192.168.23.10/lyra/web/app_dev.php/api/resources/reports/my-submissions/,1586801486,,200
4bbc20,192.168.23.1,POST,http://192.168.23.10/lyra/web/app_dev.php/api/resources/reports/my-submissions/,1586801491,,200
418384,192.168.23.1,POST,http://192.168.23.10/lyra/web/app_dev.php/api/resources/reports/my-submissions/,1586801700,,200
eb7927,192.168.23.1,POST,http://192.168.23.10/lyra/web/app_dev.php/api/resources/reports/my-submissions/,1586801760,,200
ca62f6,192.168.23.1,POST,http://192.168.23.10/lyra/web/app_dev.php/api/resources/reports/my-submissions/,1586801770,,200
529357,192.168.23.1,GET,http://192.168.23.10/lyra/web/app_dev.php/api/resources/voting-centers/,1586801803,,200
8e5014,192.168.23.1,GET,http://192.168.23.10/lyra/web/app_dev.php/api/resources/jrv/,1586801803,,200
e293eb,192.168.23.1,POST,http://192.168.23.10/lyra/web/app_dev.php/api/resources/reports/my-submissions/,1586802182,,200
9ebbd3,192.168.23.1,GET,http://192.168.23.10/lyra/web/app_dev.php/api/resources/voting-centers/,1586802318,,200
3650ff,192.168.23.1,GET,http://192.168.23.10/lyra/web/app_dev.php/api/resources/jrv/,1586802319,,200
238eff,192.168.23.1,POST,http://192.168.23.10/lyra/web/app_dev.php/api/resources/reports/my-submissions/,1586802323,,200
f10fe3,192.168.23.1,GET,http://192.168.23.10/lyra/web/app_dev.php/api/resources/voting-centers/,1586802408,,200
cfd89b,192.168.23.1,GET,http://192.168.23.10/lyra/web/app_dev.php/api/resources/jrv/,1586802408,,200
68dd7c,192.168.23.1,POST,http://192.168.23.10/lyra/web/app_dev.php/api/resources/reports/my-submissions/,1586802471,,200
e83a6c,192.168.23.1,GET,http://192.168.23.10/lyra/web/app_dev.php/api/resources/reports/my-submissions/,1586802487,,200
c8f041,192.168.23.1,POST,http://192.168.23.10/lyra/web/app_dev.php/api/resources/reports/my-submissions/,1586802495,,200
d8338a,192.168.23.1,POST,http://192.168.23.10/lyra/web/app_dev.php/api/resources/reports/my-submissions/,1586802506,,200
91e55c,192.168.23.1,POST,http://192.168.23.10/lyra/web/app_dev.php/api/resources/reports/my-submissions/,1586802537,,200
8e30a6,192.168.23.1,POST,http://192.168.23.10/lyra/web/app_dev.php/api/resources/reports/my-submissions/,1586802548,,200
e36e78,192.168.23.1,GET,http://192.168.23.10/lyra/web/app_dev.php/api/resources/voting-centers/,1586802554,,200
712a4b,192.168.23.1,GET,http://192.168.23.10/lyra/web/app_dev.php/api/resources/jrv/,1586802554,,200
47f7a9,192.168.23.1,POST,http://192.168.23.10/lyra/web/app_dev.php/api/resources/reports/my-submissions/,1586802559,,200
99ddf4,192.168.23.1,POST,http://192.168.23.10/lyra/web/app_dev.php/api/resources/reports/my-submissions/,1586802571,,200
645224,192.168.23.1,POST,http://192.168.23.10/lyra/web/app_dev.php/api/resources/reports/my-submissions/,1586802609,,200
9c299c,192.168.23.1,GET,http://192.168.23.10/lyra/web/app_dev.php/api/resources/voting-centers/,1586802833,,200
ff6744,192.168.23.1,GET,http://192.168.23.10/lyra/web/app_dev.php/api/resources/jrv/,1586802834,,200
491b05,192.168.23.1,POST,http://192.168.23.10/lyra/web/app_dev.php/api/resources/reports/my-submissions/,1586802838,,200
c771ce,192.168.23.1,POST,http://192.168.23.10/lyra/web/app_dev.php/api/resources/reports/my-submissions/,1586802863,,200
76fc34,192.168.23.1,GET,http://192.168.23.10/lyra/web/app_dev.php/api/resources/voting-centers/,1586881325,,200
5ca109,192.168.23.1,GET,http://192.168.23.10/lyra/web/app_dev.php/api/resources/jrv/,1586881330,,200
7c7c64,192.168.23.1,GET,http://192.168.23.10/lyra/web/app_dev.php/api/resources/reports/my-submissions/,1586882971,,200
972ad3,192.168.23.1,GET,http://192.168.23.10/lyra/web/app_dev.php/api/resources/reports/my-submissions/,1586882976,,200
dd1df1,192.168.23.1,GET,http://192.168.23.10/lyra/web/app_dev.php/api/resources/reports/my-submissions/,1586883274,,200
964c7f,192.168.23.1,GET,http://192.168.23.10/lyra/web/app_dev.php/api/resources/reports/my-submissions/,1586883576,,200
72770d,192.168.23.1,GET,http://192.168.23.10/lyra/web/app_dev.php/api/resources/reports/my-submissions/,1586883726,,200
424c04,192.168.23.1,GET,http://192.168.23.10/lyra/web/app_dev.php/api/resources/reports/my-submissions/,1586883873,,200
2223be,192.168.23.1,GET,http://192.168.23.10/lyra/web/app_dev.php/api/resources/reports/my-submissions/,1586884561,,200
7c9dce,192.168.23.1,GET,http://192.168.23.10/lyra/web/app_dev.php/api/resources/reports/my-submissions/,1586884564,,200
a9996a,192.168.23.1,GET,http://192.168.23.10/lyra/web/app_dev.php/api/resources/reports/my-submissions/,1586884624,d7dd98,200
d7dd98,192.168.23.1,GET,http://192.168.23.10/lyra/web/app_dev.php/api/resources/reports/my-submissions/,1586884624,,500
23fe96,192.168.23.1,GET,http://192.168.23.10/lyra/web/app_dev.php/api/resources/reports/my-submissions/,1586884636,,200
d517e9,192.168.23.1,GET,http://192.168.23.10/lyra/web/app_dev.php/api/resources/reports/my-submissions/,1586884909,,200
c9f421,192.168.23.1,GET,http://192.168.23.10/lyra/web/app_dev.php/api/resources/reports/my-submissions/,1586884911,,200
2779a5,192.168.23.1,GET,http://192.168.23.10/lyra/web/app_dev.php/api/resources/voting-centers/,1586884926,,200
8cbe85,192.168.23.1,GET,http://192.168.23.10/lyra/web/app_dev.php/api/resources/jrv/,1586884926,,200
0a4e05,192.168.23.1,GET,http://192.168.23.10/lyra/web/app_dev.php/api/resources/save-results/,1586884993,db6505,200
db6505,192.168.23.1,POST,http://192.168.23.10/lyra/web/app_dev.php/api/resources/save-results/,1586884993,,500
cc482a,192.168.23.1,GET,http://192.168.23.10/lyra/web/app_dev.php/api/resources/voting-centers/,1586885182,,200
d8b718,192.168.23.1,GET,http://192.168.23.10/lyra/web/app_dev.php/api/resources/jrv/,1586885182,,200
339a13,192.168.23.1,POST,http://192.168.23.10/lyra/web/app_dev.php/api/resources/save-results/,1586885242,,200
667e42,192.168.23.1,POST,http://192.168.23.10/lyra/web/app_dev.php/api/resources/reports/my-submissions/,1586885253,,200
dcc117,192.168.23.1,GET,http://192.168.23.10/lyra/web/app_dev.php/api/resources/voting-centers/,1586885342,,200
56a50e,192.168.23.1,GET,http://192.168.23.10/lyra/web/app_dev.php/api/resources/jrv/,1586885342,,200
9c8dba,192.168.23.1,POST,http://192.168.23.10/lyra/web/app_dev.php/api/resources/reports/my-submissions/,1586885348,,200
b8c78f,192.168.23.1,POST,http://192.168.23.10/lyra/web/app_dev.php/api/resources/reports/my-submissions/,1586885479,,200
db4f57,192.168.23.1,POST,http://192.168.23.10/lyra/web/app_dev.php/api/resources/reports/my-submissions/,1586886142,,200
b08a86,192.168.23.1,POST,http://192.168.23.10/lyra/web/app_dev.php/api/resources/reports/my-submissions/,1586886243,,200
8fe161,192.168.23.1,POST,http://192.168.23.10/lyra/web/app_dev.php/api/resources/reports/my-submissions/,1586886279,,200
bb7475,192.168.23.1,POST,http://192.168.23.10/lyra/web/app_dev.php/api/resources/reports/my-submissions/,1586886485,,200
aa3180,192.168.23.1,POST,http://192.168.23.10/lyra/web/app_dev.php/api/resources/reports/my-submissions/,1586886575,,200
0d18b8,192.168.23.1,POST,http://192.168.23.10/lyra/web/app_dev.php/api/resources/reports/my-submissions/,1586886599,,200
98d6cd,192.168.23.1,POST,http://192.168.23.10/lyra/web/app_dev.php/api/resources/reports/my-submissions/,1586886851,,200
c6f233,192.168.23.1,POST,http://192.168.23.10/lyra/web/app_dev.php/api/resources/reports/my-submissions/,1586886901,,200
